customer_id,observation_date,home_ownership,purpose,age,annual_income,debt_to_income,credit_utilisation,delinquencies_2y,loan_amount,interest_rate,employment_length,loan_to_income,actual_default,logistic_regression_pd,random_forest_pd,selected_model,selected_model_raw_pd,recalibrated_pd
C000006,2022-04-01,mortgage,car,34,34627.47,0.2459,0.3773,0,10978.4,0.0572,0,0.3170430874678398,0,0.35834955578052496,0.2761978143599704,logistic_regression,0.35834955578052496,0.0737141410737661
C000012,2022-11-01,mortgage,debt_consolidation,31,43969.04,0.5914,0.441,0,24332.05,0.0719,9,0.5533905220582482,0,0.5662442053561695,0.4888373083177361,logistic_regression,0.5662442053561695,0.1351648333569214
C000019,2022-03-01,mortgage,debt_consolidation,30,60118.47,0.3997,0.3609,0,23224.79,0.0404,6,0.3863170503174815,0,0.4189650979001561,0.33573806437963827,logistic_regression,0.4189650979001561,0.08884023977209508
C000024,2022-08-01,mortgage,small_business,38,81225.18,0.1307,0.4107,0,24925.45,0.1077,7,0.30686851047913966,0,0.2787475363797926,0.3589041990913165,logistic_regression,0.2787475363797926,0.05606030984962438
C000028,2022-02-01,mortgage,medical,44,42879.65,0.3958,0.6668,3,26268.31,0.1367,4,0.612605513337912,0,0.696840957494106,0.6836239621532746,logistic_regression,0.696840957494106,0.19681566366539796
C000035,2022-06-01,mortgage,medical,58,87768.9,0.2697,0.5501,2,21847.85,0.0797,11,0.24892473302046625,1,0.3852336446133025,0.3811326579383872,logistic_regression,0.3852336446133025,0.08021275323663044
C000037,2022-04-01,mortgage,debt_consolidation,40,60057.68,0.2466,0.7437,1,26344.96,0.0824,7,0.4386609672568104,1,0.5577276555150368,0.5726372017736827,logistic_regression,0.5577276555150368,0.1319819879908841
C000038,2022-02-01,rent,medical,38,28000.0,0.3079,0.1379,0,20376.1,0.0528,4,0.7277178571428571,0,0.3897446094605144,0.37951324750957394,logistic_regression,0.3897446094605144,0.08133452807767531
C000046,2022-11-01,mortgage,debt_consolidation,30,51946.28,0.2728,0.3832,0,11849.99,0.0954,4,0.22812008867622474,1,0.263391370300151,0.21617174898208746,logistic_regression,0.263391370300151,0.05287876804744404
C000048,2022-06-01,mortgage,home_improvement,30,28000.0,0.1036,0.3733,1,19792.82,0.0459,13,0.7068864285714286,0,0.277414384741376,0.3427697449616976,logistic_regression,0.277414384741376,0.0557816190080719
C000061,2022-08-01,own,car,55,28000.0,0.2008,0.3192,0,13128.69,0.0599,3,0.46888178571428574,0,0.3282425735185092,0.2756046407387806,logistic_regression,0.3282425735185092,0.06678255027295504
C000064,2022-11-01,mortgage,medical,35,40219.53,0.3825,0.8012,1,18588.52,0.1293,6,0.4621764600431681,0,0.5823985942098228,0.6837124684342487,logistic_regression,0.5823985942098228,0.14142398277370363
C000067,2022-07-01,rent,debt_consolidation,40,65214.73,0.1032,0.3383,0,10660.82,0.0681,6,0.1634725774376433,0,0.2631302729408148,0.23649643094242073,logistic_regression,0.2631302729408148,0.052825200504154804
C000081,2022-09-01,own,debt_consolidation,37,46307.3,0.4578,0.2565,0,15023.85,0.0581,11,0.3244380475648548,0,0.3635586448761371,0.38265664074781464,logistic_regression,0.3635586448761371,0.07494930290356615
C000084,2022-02-01,mortgage,debt_consolidation,32,123430.44,0.6335,0.4975,0,30702.48,0.0729,4,0.24874317874909949,0,0.48299383245190136,0.4625638298650817,logistic_regression,0.48299383245190136,0.10697514722457029
C000090,2022-02-01,rent,debt_consolidation,50,69834.09,0.2747,0.6965,3,21715.81,0.1199,9,0.31096288360025887,0,0.7264104065085786,0.6562906480972572,logistic_regression,0.7264104065085786,0.21556505029668757
C000092,2022-01-01,mortgage,other,21,65924.81,0.1589,0.321,0,18952.27,0.0635,0,0.2874831190260541,0,0.2150445925369898,0.248748306994227,logistic_regression,0.2150445925369898,0.043224426509751
C000093,2022-03-01,mortgage,debt_consolidation,45,31696.3,0.4177,0.3044,0,22623.5,0.0618,12,0.7137583882030395,0,0.3791664947288303,0.43094413250281094,logistic_regression,0.3791664947288303,0.07871864834562087
C000095,2022-06-01,rent,debt_consolidation,43,36729.96,0.3032,0.2525,0,21527.17,0.0845,4,0.5860929333982394,1,0.44907688401644236,0.40185940132244613,logistic_regression,0.44907688401644236,0.09705318074684059
C000101,2022-02-01,rent,debt_consolidation,35,65152.22,0.5124,0.3349,0,10907.39,0.055,1,0.1674139423031172,1,0.5630770680567302,0.3995156653603262,logistic_regression,0.5630770680567302,0.13397209095538357
C000103,2022-01-01,rent,debt_consolidation,21,80092.46,0.2784,0.257,1,14256.31,0.0872,0,0.17799815363393756,0,0.37557367244185563,0.25401865835709164,logistic_regression,0.37557367244185563,0.07784163290790384
C000125,2022-04-01,mortgage,small_business,63,28000.0,0.0864,0.1878,0,19593.27,0.0453,4,0.6997596428571429,0,0.3091244296869557,0.24273629651298875,logistic_regression,0.3091244296869557,0.06254950487289802
C000141,2022-11-01,mortgage,medical,39,78596.09,0.209,0.2903,0,12229.35,0.0466,3,0.15559743493601272,0,0.17211928852674854,0.17716847007603453,logistic_regression,0.17211928852674854,0.03501014586611667
C000145,2022-12-01,mortgage,home_improvement,29,37025.33,0.2051,0.6833,2,14385.55,0.1074,0,0.3885326612889068,0,0.5515589290464032,0.5153670020822315,logistic_regression,0.5515589290464032,0.12972428087385024
C000146,2022-04-01,rent,debt_consolidation,62,95391.81,0.7584,0.1311,0,27295.06,0.1051,7,0.2861363045737365,0,0.5416736283074665,0.432046156524947,logistic_regression,0.5416736283074665,0.12618635161212938
C000149,2022-02-01,rent,debt_consolidation,21,55816.62,0.2458,0.3151,0,15680.46,0.0855,6,0.280928153657459,0,0.3566875490394954,0.345630574728868,logistic_regression,0.3566875490394954,0.07332237626303295
C000151,2022-04-01,other,debt_consolidation,52,56602.62,0.3039,0.5744,0,15551.57,0.0804,2,0.2747500027383891,0,0.38531565634114245,0.40232726708665595,logistic_regression,0.38531565634114245,0.08023306396509784
C000153,2022-08-01,rent,car,21,47669.65,0.2697,0.6359,1,15217.9,0.1227,6,0.31923666315989313,0,0.598781573571965,0.6568778249623053,logistic_regression,0.598781573571965,0.148091733454884
C000161,2022-12-01,own,car,27,52825.9,0.2271,0.1623,0,19966.08,0.0602,9,0.3779600536857867,0,0.22401602240642854,0.2461602512413718,logistic_regression,0.22401602240642854,0.044979083508179994
C000166,2022-01-01,rent,small_business,47,47462.85,0.4874,0.2845,1,11617.76,0.1402,2,0.2447758615422378,1,0.6650595846556567,0.643490764845314,logistic_regression,0.6650595846556567,0.1790682847242039
C000179,2022-07-01,rent,home_improvement,32,39169.39,0.0677,0.3406,2,44069.1,0.1025,6,1.1250902809566348,0,0.5300778854987661,0.5088747527202737,logistic_regression,0.5300778854987661,0.12215596444234601
C000181,2022-09-01,other,debt_consolidation,53,65436.21,0.0901,0.2773,1,23244.73,0.0375,2,0.35522732749956026,0,0.2568672595290443,0.31302505162211053,logistic_regression,0.2568672595290443,0.051545328212653854
C000195,2022-10-01,mortgage,debt_consolidation,44,48565.52,0.2443,0.5282,1,14844.58,0.1134,6,0.30566088863045227,0,0.3730632313346746,0.4887746693778687,logistic_regression,0.3730632313346746,0.07723219112008738
C000200,2022-10-01,mortgage,debt_consolidation,36,98872.89,0.1161,0.2982,1,14343.7,0.0418,10,0.14507212239876877,0,0.14975656058299658,0.1704834594904839,logistic_regression,0.14975656058299658,0.030819581069616752
C000202,2022-07-01,rent,debt_consolidation,32,105716.05,0.2879,0.4553,0,17859.16,0.065,7,0.1689351806088101,0,0.3451179079906715,0.25046284499167215,logistic_regression,0.3451179079906715,0.07062549835579317
C000208,2022-11-01,mortgage,small_business,29,55289.92,0.2215,0.1297,1,23591.37,0.0603,8,0.42668482790353107,0,0.36022275689849453,0.30600013517177754,logistic_regression,0.36022275689849453,0.07415702933600392
C000220,2022-07-01,own,other,39,92381.14,0.1967,0.7452,1,58635.95,0.0991,11,0.6347177573257918,0,0.616030082354398,0.5763227639704047,logistic_regression,0.616030082354398,0.1554943108877267
C000227,2022-01-01,rent,debt_consolidation,33,90783.7,0.1402,0.0347,0,20439.91,0.059,18,0.22514955878643414,0,0.12637987497060507,0.136223751202794,logistic_regression,0.12637987497060507,0.02647370706394081
C000232,2022-04-01,mortgage,car,44,42968.15,0.2537,0.3545,1,6824.59,0.0577,2,0.15882903964913547,0,0.37445753744197646,0.2953705499982021,logistic_regression,0.37445753744197646,0.07757033776622956
C000264,2022-08-01,rent,debt_consolidation,37,37903.83,0.2899,0.3482,1,11800.53,0.0638,13,0.31132816921139633,0,0.48523451032495374,0.47529618552901637,logistic_regression,0.48523451032495374,0.1076583702336625
C000265,2022-12-01,mortgage,debt_consolidation,37,44192.06,0.2405,0.0685,0,8620.57,0.035,4,0.1950705624494536,0,0.19053012895909724,0.1468551467726177,logistic_regression,0.19053012895909724,0.03850055764611062
C000274,2022-10-01,rent,debt_consolidation,26,30386.55,0.3712,0.2727,1,13134.36,0.0815,5,0.43224255468291073,0,0.5427060303793847,0.43698594098205246,logistic_regression,0.5427060303793847,0.1265513577955616
C000286,2022-09-01,mortgage,other,24,53749.39,0.1855,0.7422,0,7574.34,0.0703,10,0.140919552761436,0,0.32058951799542257,0.333856248783615,logistic_regression,0.32058951799542257,0.065073261750803
C000291,2022-01-01,rent,debt_consolidation,28,92530.74,0.2835,0.3922,0,50135.23,0.0722,12,0.541822425714957,0,0.5313861232060635,0.3665585263823635,logistic_regression,0.5313861232060635,0.12260442880718152
C000293,2022-10-01,rent,home_improvement,65,56300.7,0.3675,0.4155,0,44602.38,0.0653,9,0.7922171482770196,0,0.6613339052632549,0.397753074555349,logistic_regression,0.6613339052632549,0.1771274635993139
C000297,2022-03-01,other,debt_consolidation,29,28000.0,0.3156,0.719,0,37087.16,0.0645,10,1.3245414285714288,1,0.5354893821377663,0.5382751325034391,logistic_regression,0.5354893821377663,0.12402122336943558
C000302,2022-02-01,own,small_business,33,75360.07,0.3888,0.5085,0,18202.35,0.1049,5,0.2415383902907733,1,0.49979089047976594,0.40672791917943524,logistic_regression,0.49979089047976594,0.11218758446366456
C000304,2022-06-01,rent,car,46,33646.05,0.0262,0.3867,0,6308.23,0.0955,14,0.18748798150154325,0,0.24312743972267783,0.3547412812958945,logistic_regression,0.24312743972267783,0.04877026656461226
C000319,2022-09-01,rent,other,32,107774.89,0.4536,0.1386,1,12882.6,0.0795,10,0.11953248108163228,0,0.2656750841298517,0.3058319153114189,logistic_regression,0.2656750841298517,0.05334803501602997
C000324,2022-07-01,mortgage,car,46,55439.21,0.302,0.3537,0,5992.52,0.0482,8,0.10809172785831545,0,0.2758806479717886,0.23857610293739995,logistic_regression,0.2758806479717886,0.055461594328757705
C000325,2022-11-01,rent,small_business,49,99027.45,0.3504,0.3334,3,32521.62,0.1526,10,0.3284101529424417,0,0.6660208147344295,0.6049088401015392,logistic_regression,0.6660208147344295,0.17957344994798047
C000334,2022-02-01,mortgage,debt_consolidation,27,66570.02,0.1781,0.4502,0,31639.14,0.0815,4,0.4752761077734391,0,0.32276548710280406,0.3637938113738611,logistic_regression,0.32276548710280406,0.065557205578336
C000336,2022-01-01,mortgage,debt_consolidation,31,52292.87,0.5304,0.6852,0,17876.54,0.1032,1,0.3418542527881908,1,0.6178990241496939,0.5840530648646944,logistic_regression,0.6178990241496939,0.1563216329685194
C000337,2022-10-01,rent,debt_consolidation,44,52410.27,0.1461,0.1266,0,67230.56,0.055,8,1.28277454018077,0,0.5209024174607509,0.32567835049118726,logistic_regression,0.5209024174607509,0.11905370196762678
C000340,2022-10-01,rent,other,39,149881.26,0.2295,0.0457,0,7878.68,0.0381,10,0.052566144693472684,0,0.06766846400953654,0.18391343738382473,logistic_regression,0.06766846400953654,0.015473427276104658
C000345,2022-07-01,rent,debt_consolidation,54,46399.8,0.4582,0.4971,0,13373.28,0.1019,2,0.2882184837003608,0,0.6212947885142233,0.5181560085583052,logistic_regression,0.6212947885142233,0.15783802178178175
C000347,2022-12-01,own,small_business,29,52982.69,0.5838,0.1565,0,22228.55,0.1029,6,0.419543628305773,1,0.5200176063134523,0.4869652011839131,logistic_regression,0.5200176063134523,0.11875845552475324
C000348,2022-09-01,mortgage,other,32,47422.24,0.2348,0.5994,0,16259.64,0.0598,3,0.3428695059533249,0,0.39961094937253,0.3598062752352166,logistic_regression,0.39961094937253,0.08382148216152613
C000355,2022-11-01,rent,small_business,35,73352.72,0.1011,0.2646,0,38676.81,0.0988,12,0.5272716540027418,0,0.41260722778647807,0.3772469995234665,logistic_regression,0.41260722778647807,0.08717035750800163
C000356,2022-12-01,own,debt_consolidation,49,88130.39,0.238,0.778,1,35850.06,0.1196,0,0.40678431129148523,0,0.5894019724016857,0.650292594533641,logistic_regression,0.5894019724016857,0.14423315238598183
C000358,2022-06-01,mortgage,debt_consolidation,27,30651.44,0.4978,0.3091,1,17244.19,0.0675,9,0.5625898815846825,0,0.49341068519983544,0.49148287472466023,logistic_regression,0.49341068519983544,0.11018270482468716
C000361,2022-03-01,mortgage,other,57,32297.1,0.2391,0.1156,0,12408.97,0.0577,4,0.38421313368692545,0,0.2045440954667611,0.17579714425306095,logistic_regression,0.2045440954667611,0.04118906269103422
C000362,2022-06-01,own,debt_consolidation,21,67942.16,0.6635,0.5381,0,35575.12,0.096,10,0.5236089049862412,1,0.664757447326508,0.4778695258032296,logistic_regression,0.664757447326508,0.17890987761293792
C000364,2022-06-01,rent,debt_consolidation,23,67488.31,0.2749,0.5595,2,10061.52,0.1073,2,0.14908537493382187,0,0.5800924298180293,0.4050832228716581,logistic_regression,0.5800924298180293,0.14051192864198295
C000375,2022-06-01,mortgage,debt_consolidation,21,57385.28,0.3616,0.3866,0,7268.21,0.0671,6,0.1266563481087833,0,0.2931697897597139,0.14279472596987725,logistic_regression,0.2931697897597139,0.059107106475949765
C000382,2022-09-01,rent,debt_consolidation,59,52277.15,0.3648,0.1319,0,14782.22,0.0805,6,0.28276637115833586,0,0.36423890281288934,0.2811289792380746,logistic_regression,0.36423890281288934,0.07511142842083222
C000383,2022-09-01,mortgage,debt_consolidation,21,95654.55,0.1439,0.7741,1,42421.71,0.0938,8,0.4434886787925927,0,0.49223139883916683,0.5125885519626189,logistic_regression,0.49223139883916683,0.10981553380400205
C000388,2022-02-01,mortgage,debt_consolidation,27,73033.28,0.3771,0.0889,0,25089.85,0.0407,11,0.3435399587694815,0,0.2310462955719436,0.2017221286070928,logistic_regression,0.2310462955719436,0.04636492564166618
C000389,2022-06-01,own,debt_consolidation,43,97367.93,0.6453,0.3156,1,11736.45,0.0575,5,0.12053712141153665,0,0.45645932617790724,0.28867667336508596,logistic_regression,0.45645932617790724,0.09914872783080901
C000396,2022-05-01,mortgage,debt_consolidation,50,28000.0,0.2043,0.4611,2,22468.35,0.0744,9,0.8024410714285714,0,0.4685551940419155,0.4458224788106767,logistic_regression,0.4685551940419155,0.10265753486982072
C000401,2022-12-01,mortgage,debt_consolidation,32,73828.94,0.5952,0.709,0,18750.38,0.11,5,0.2539705974378069,0,0.5855452961747939,0.5488291872957131,logistic_regression,0.5855452961747939,0.1426787612004042
C000404,2022-11-01,rent,other,49,74294.29,0.1568,0.9276,1,32560.71,0.0928,14,0.43826665548590615,1,0.6704520789651642,0.5732563225776689,logistic_regression,0.6704520789651642,0.18192623985919285
C000409,2022-09-01,rent,other,29,47819.34,0.1603,0.2733,1,21418.19,0.087,3,0.4478980680201776,0,0.39623568604588216,0.4598061750133178,logistic_regression,0.39623568604588216,0.08296545003428661
C000417,2022-11-01,mortgage,debt_consolidation,29,35921.76,0.1544,0.6955,1,5321.82,0.103,4,0.1481503133476756,0,0.40939877934086655,0.4025395793960972,logistic_regression,0.40939877934086655,0.08633566105052459
C000421,2022-08-01,rent,car,44,52866.73,0.2693,0.1874,1,48869.23,0.0914,4,0.9243853364866713,1,0.5994216400042517,0.457827033710557,logistic_regression,0.5994216400042517,0.1483591928117873
C000427,2022-04-01,mortgage,debt_consolidation,26,56337.31,0.4823,0.759,1,40404.65,0.1335,7,0.7171916799009396,0,0.7244547823971321,0.7553288159010768,logistic_regression,0.7244547823971321,0.21424821673416314
C000428,2022-01-01,mortgage,car,21,44211.84,0.4624,0.5671,0,19946.94,0.1021,3,0.4511673795978634,0,0.5387182713636629,0.5373039457073525,logistic_regression,0.5387182713636629,0.12514714371921534
C000433,2022-02-01,rent,debt_consolidation,29,39508.21,0.2738,0.5358,2,42084.98,0.1617,1,1.0652211274567995,1,0.7178464592508655,0.5983913932121955,logistic_regression,0.7178464592508655,0.20988326546190286
C000438,2022-08-01,rent,home_improvement,51,112919.36,0.1447,0.8997,2,17650.21,0.0884,9,0.15630809455526493,0,0.5552341097807449,0.4302771357460577,logistic_regression,0.5552341097807449,0.1310646377526541
C000441,2022-11-01,rent,medical,44,43161.42,0.364,0.3423,0,12091.37,0.1017,0,0.2801430073431319,1,0.4518396137363772,0.4507076806379778,logistic_regression,0.4518396137363772,0.09783342182746592
C000448,2022-10-01,mortgage,medical,31,43531.63,0.2624,0.4269,2,17170.71,0.0894,13,0.3944421561976889,0,0.36884118907643026,0.43961779115504046,logistic_regression,0.36884118907643026,0.0762133764132267
C000451,2022-10-01,rent,home_improvement,49,31414.97,0.0498,0.6083,2,21531.62,0.1052,0,0.6853936196660382,1,0.6074696900339098,0.48084233764541634,logistic_regression,0.6074696900339098,0.15176898912599424
C000452,2022-08-01,other,debt_consolidation,39,81488.96,0.5446,0.5628,1,13726.42,0.1124,4,0.16844514888888015,0,0.4627544457372562,0.5366622948098316,logistic_regression,0.4627544457372562,0.10096290994760668
C000459,2022-03-01,rent,debt_consolidation,34,40769.34,0.3245,0.2896,0,40776.2,0.0968,4,1.0001682637001237,1,0.5486071519779164,0.4807256050334729,logistic_regression,0.5486071519779164,0.12865769128790597
C000466,2022-10-01,mortgage,car,59,50623.83,0.182,0.8026,1,14974.63,0.0785,8,0.2958019968066422,1,0.5253034347075178,0.3922994816358799,logistic_regression,0.5253034347075178,0.12053238719674049
C000470,2022-08-01,own,other,59,45932.05,0.5251,0.5187,0,4664.07,0.0706,12,0.10154282249540353,0,0.45479158252973095,0.41049064364120197,logistic_regression,0.45479158252973095,0.09867234758292075
C000472,2022-01-01,rent,debt_consolidation,58,60055.61,0.172,0.3786,0,32595.37,0.0739,13,0.5427531249786656,0,0.4132806493187277,0.36516448476641844,logistic_regression,0.4132806493187277,0.08734622718998006
C000477,2022-03-01,rent,car,24,39203.14,0.3167,0.2409,0,9833.09,0.0579,6,0.25082404113548046,0,0.4254049432029321,0.4462741629712194,logistic_regression,0.4254049432029321,0.09055365377782945
C000482,2022-02-01,mortgage,debt_consolidation,41,40086.53,0.2034,0.1538,0,6995.62,0.044,11,0.1745129847856624,1,0.17135260352109047,0.15671286495867268,logistic_regression,0.17135260352109047,0.034865681983173614
C000491,2022-08-01,mortgage,debt_consolidation,21,44649.4,0.3555,0.5469,0,23504.21,0.0949,6,0.5264171523021586,0,0.44776575054138673,0.46100032646478883,logistic_regression,0.44776575054138673,0.09668453597902059
C000492,2022-05-01,mortgage,debt_consolidation,54,66514.43,0.2496,0.3922,2,23754.36,0.0731,9,0.35713092632681365,0,0.4179973147019711,0.39795902297822494,logistic_regression,0.4179973147019711,0.08858467652611426
C000499,2022-08-01,rent,car,37,53412.7,0.5787,0.1191,0,11929.31,0.0792,3,0.22334220138656163,0,0.5046922310824932,0.3413094085364801,logistic_regression,0.5046922310824932,0.11374928306287183
C000503,2022-10-01,rent,other,46,47281.43,0.1166,0.7028,1,7582.82,0.0558,8,0.16037628303543272,0,0.5383590836394128,0.5212586032644592,logistic_regression,0.5383590836394128,0.1250214081037465
C000504,2022-05-01,other,debt_consolidation,51,101214.25,0.0255,0.0405,0,22252.78,0.0505,5,0.21985817214473258,0,0.06621545607434065,0.13098620595112018,logistic_regression,0.06621545607434065,0.015194221363983266
C000511,2022-12-01,mortgage,debt_consolidation,44,53486.02,0.0888,0.1467,0,31967.01,0.0516,9,0.5976703819054026,0,0.18720468311154487,0.19903757031463415,logistic_regression,0.18720468311154487,0.037866847134165466
C000513,2022-03-01,rent,home_improvement,40,77211.33,0.4291,0.6531,0,15817.66,0.0977,2,0.20486190303935964,1,0.5979489078128171,0.435693743483562,logistic_regression,0.5979489078128171,0.14774460042872278
C000514,2022-01-01,own,other,59,52098.17,0.3845,0.4524,0,25105.83,0.0955,6,0.4818946615591297,0,0.4291383010937944,0.46505889904765985,logistic_regression,0.4291383010937944,0.0915573650597818
C000515,2022-10-01,rent,medical,24,28000.0,0.111,0.2261,0,11882.56,0.0677,2,0.42437714285714284,0,0.2847714608064699,0.3617311128485369,logistic_regression,0.2847714608064699,0.05732571422532562
C000517,2022-05-01,rent,car,41,143402.24,0.2749,0.4424,1,20295.28,0.0865,9,0.14152693849133738,0,0.28221899521511273,0.3779782599929846,logistic_regression,0.28221899521511273,0.056788300453944326
C000524,2022-02-01,mortgage,debt_consolidation,38,116599.1,0.4007,0.1012,1,7088.1,0.0548,5,0.06079034915363841,0,0.1431079082264225,0.19178254710995274,logistic_regression,0.1431079082264225,0.02958113211297932
C000527,2022-08-01,rent,debt_consolidation,38,50492.34,0.1414,0.822,1,16809.93,0.0993,8,0.33292039941107904,1,0.6226926796966781,0.5767136888485748,logistic_regression,0.6226926796966781,0.15846726444423798
C000529,2022-07-01,rent,home_improvement,39,115896.95,0.0459,0.6549,0,7350.64,0.0903,4,0.06342392962023591,0,0.197536992042503,0.3889252887191058,logistic_regression,0.197536992042503,0.0398410252151435
C000530,2022-08-01,mortgage,debt_consolidation,41,53686.74,0.2577,0.1361,0,32990.29,0.0484,8,0.6144960561956267,0,0.27270210292125324,0.23600381244388238,logistic_regression,0.27270210292125324,0.05480038309518384
C000545,2022-02-01,rent,home_improvement,45,60653.06,0.3717,0.4464,0,20533.24,0.101,2,0.3385359287725962,0,0.5265384025519017,0.4612273736202056,logistic_regression,0.5265384025519017,0.12095038803362496
C000551,2022-01-01,rent,car,25,142660.37,0.5992,0.5714,2,12266.83,0.1047,9,0.08598624831829611,0,0.5346507752360764,0.4525545200021756,logistic_regression,0.5346507752360764,0.1237303978691267
C000553,2022-02-01,rent,other,47,68986.43,0.1194,0.3567,0,15343.92,0.0893,5,0.22241939465486185,0,0.26020936849843235,0.19337885901135793,logistic_regression,0.26020936849843235,0.05222709881834246
C000555,2022-12-01,other,debt_consolidation,52,66179.17,0.387,0.4412,0,26524.58,0.0648,9,0.400799526497537,0,0.38414758521359615,0.38337341543813197,logistic_regression,0.38414758521359615,0.07994407365177104
C000558,2022-05-01,rent,debt_consolidation,21,46493.58,0.4176,0.0893,0,12583.83,0.1022,10,0.27065736817857433,0,0.31375492325535276,0.3678332403233908,logistic_regression,0.31375492325535276,0.06356358495875031
C000560,2022-04-01,rent,debt_consolidation,33,28000.0,0.3528,0.2735,0,29992.28,0.1008,1,1.071152857142857,0,0.5093773719976368,0.500663275510291,logistic_regression,0.5093773719976368,0.11526004409928503
C000565,2022-06-01,mortgage,car,64,68336.04,0.2056,0.1695,1,19131.65,0.0539,7,0.27996427653694894,0,0.24469583332466385,0.22532701699720803,logistic_regression,0.24469583332466385,0.04908485081982526
C000571,2022-09-01,own,debt_consolidation,31,74203.24,0.1388,0.5134,1,17533.5,0.0508,2,0.2362902212895286,1,0.36807502166691614,0.3227275667480846,logistic_regression,0.36807502166691614,0.0760293098945034
C000577,2022-08-01,rent,debt_consolidation,42,79677.71,0.2918,0.1778,0,11267.91,0.0413,0,0.14141859749734273,0,0.3231953434660371,0.18102375975447768,logistic_regression,0.3231953434660371,0.06565299864880747
C000579,2022-06-01,own,other,36,37472.59,0.4115,0.526,0,16151.8,0.0455,4,0.43102972065715234,0,0.5352304791467305,0.4018362739245654,logistic_regression,0.5352304791467305,0.12393136694047242
C000582,2022-03-01,own,other,23,85980.07,0.431,0.6021,2,32246.64,0.0935,3,0.37504784539021657,0,0.6510160643727536,0.5924971628572477,logistic_regression,0.6510160643727536,0.17189050388285176
C000586,2022-08-01,mortgage,home_improvement,44,65296.51,0.1615,0.4611,1,13649.18,0.0769,5,0.20903383657105104,1,0.28103306300405895,0.2202575928765364,logistic_regression,0.28103306300405895,0.05653922647874511
C000589,2022-03-01,mortgage,debt_consolidation,50,83220.81,0.2242,0.4826,0,19949.41,0.048,7,0.23971660453677393,0,0.28660621048043194,0.2638928973870982,logistic_regression,0.28660621048043194,0.057713152754367496
C000590,2022-03-01,rent,debt_consolidation,43,28000.0,0.2608,0.5774,1,64071.12,0.1566,1,2.288254285714286,0,0.6967025182921699,0.6260786069587284,logistic_regression,0.6967025182921699,0.1967333398867036
C000591,2022-01-01,mortgage,debt_consolidation,40,53687.04,0.3075,0.063,1,6643.48,0.0697,11,0.12374457597215267,0,0.18132260764421335,0.20326559226558957,logistic_regression,0.18132260764421335,0.03674959242402121
C000592,2022-07-01,own,car,37,30554.56,0.3999,0.157,0,10939.41,0.0795,13,0.358028719772106,0,0.27378004986580784,0.3605373238325401,logistic_regression,0.27378004986580784,0.05502431868271469
C000594,2022-11-01,mortgage,small_business,37,119237.02,0.282,0.4056,1,59494.87,0.103,1,0.49896307371653537,0,0.6192655163741909,0.48781256199612727,logistic_regression,0.6192655163741909,0.15692978508706834
C000596,2022-01-01,own,home_improvement,37,60310.62,0.0535,0.7443,2,34849.01,0.1124,3,0.5778254310766495,0,0.5536541391422481,0.6577412138426221,logistic_regression,0.5536541391422481,0.13048671768337722
C000605,2022-02-01,own,car,49,67402.89,0.4159,0.594,1,6870.96,0.1254,6,0.10193865574606667,0,0.4443877543997872,0.5621670125651107,logistic_regression,0.4443877543997872,0.09573957321561612
C000609,2022-11-01,mortgage,other,33,49412.36,0.5036,0.2753,0,12425.03,0.1001,8,0.2514559110311671,0,0.30304345372342034,0.47024923250769085,logistic_regression,0.30304345372342034,0.06122818529801615
C000610,2022-04-01,mortgage,other,25,60000.95,0.1303,0.5674,1,12077.63,0.096,2,0.20129064623143467,0,0.2964910435565768,0.30128820477685175,logistic_regression,0.2964910435565768,0.059817292552892
C000611,2022-03-01,own,small_business,33,42848.82,0.3422,0.4875,1,19420.22,0.0997,0,0.4532264832497138,0,0.6569578606799057,0.49807236848665176,logistic_regression,0.6569578606799057,0.17488202895602656
C000640,2022-09-01,mortgage,home_improvement,46,55296.18,0.1955,0.3421,0,6969.07,0.0515,6,0.1260316716272263,0,0.20928759637031377,0.18308612322808482,logistic_regression,0.20928759637031377,0.042106169624350064
C000642,2022-07-01,rent,small_business,28,75088.34,0.23,0.0502,0,26832.12,0.1098,6,0.35734070030047277,0,0.32956392766261633,0.32857875389938274,logistic_regression,0.32956392766261633,0.06707973585995453
C000643,2022-04-01,mortgage,debt_consolidation,40,69960.02,0.1089,0.6095,0,7076.83,0.0675,5,0.10115534558166221,0,0.23398147090667323,0.2661774598540394,logistic_regression,0.23398147090667323,0.046946477465393814
C000649,2022-10-01,mortgage,debt_consolidation,58,31759.96,0.1754,0.2482,0,36225.66,0.0716,5,1.1406078597076321,0,0.28679527564049007,0.2761961407888935,logistic_regression,0.28679527564049007,0.05775313158873687
C000650,2022-03-01,mortgage,car,26,42750.38,0.2825,0.2218,0,23072.51,0.0602,6,0.5397030388969641,0,0.2994294541434559,0.36336488294002894,logistic_regression,0.2994294541434559,0.060448380129605
C000654,2022-01-01,mortgage,debt_consolidation,45,126767.15,0.3632,0.647,0,16780.28,0.078,3,0.1323708863061132,0,0.2865242885730695,0.27286011289459344,logistic_regression,0.2865242885730695,0.05769583310384202
C000668,2022-04-01,rent,debt_consolidation,47,39164.9,0.0949,0.2591,0,7337.54,0.035,6,0.1873498974847376,0,0.310226474852176,0.2808717862994072,logistic_regression,0.310226474852176,0.062790223988994
C000669,2022-08-01,rent,home_improvement,41,79001.82,0.0569,0.6865,1,23263.5,0.0932,0,0.2944678996002877,1,0.5079402870525116,0.5340881153415881,logistic_regression,0.5079402870525116,0.11479475411965065
C000671,2022-10-01,rent,home_improvement,31,72687.49,0.1052,0.3197,0,30045.6,0.068,8,0.41335310931771063,0,0.315569200748069,0.3170687853310382,logistic_regression,0.315569200748069,0.0639628213000076
C000680,2022-09-01,own,debt_consolidation,44,28700.46,0.5953,0.525,0,18608.74,0.1099,12,0.6483777611926779,0,0.5626969820118128,0.5141846507406694,logistic_regression,0.5626969820118128,0.1338296817293976
C000683,2022-10-01,own,car,30,83871.43,0.4499,0.386,0,9581.43,0.0509,6,0.11423949728769381,0,0.3383959774920094,0.2472588687930692,logistic_regression,0.3383959774920094,0.06908221337275874
C000684,2022-10-01,rent,debt_consolidation,42,41793.1,0.4959,0.2815,1,16994.06,0.1134,11,0.406623581404586,0,0.5536599721400839,0.6711257045124797,logistic_regression,0.5536599721400839,0.13048884654751153
C000686,2022-01-01,rent,debt_consolidation,31,51817.07,0.1237,0.3225,1,24062.02,0.1223,10,0.4643647354047614,0,0.3417443864033465,0.5710944664586582,logistic_regression,0.3417443864033465,0.0698488554665402
C000691,2022-12-01,rent,debt_consolidation,52,35514.32,0.3131,0.0764,0,7752.62,0.0615,7,0.21829560582886,1,0.32719931378916933,0.2687185930222973,logistic_regression,0.32719931378916933,0.06654834494486707
C000693,2022-08-01,own,debt_consolidation,44,69873.13,0.1574,0.5275,0,18389.02,0.0687,5,0.2631772757281662,0,0.303155514914243,0.2832671134676356,logistic_regression,0.303155514914243,0.06125242968175493
C000694,2022-09-01,rent,debt_consolidation,60,112358.37,0.0651,0.3791,0,22545.99,0.0851,7,0.20066141934953313,0,0.1975876380079214,0.2654736936575491,logistic_regression,0.1975876380079214,0.03985074091164939
C000715,2022-08-01,other,debt_consolidation,37,43979.98,0.2184,0.4326,0,11638.91,0.0775,4,0.26464109351573145,0,0.265673191004448,0.34254569432717247,logistic_regression,0.265673191004448,0.05334764546114361
C000722,2022-08-01,mortgage,other,31,34189.34,0.1919,0.2379,1,18577.62,0.035,6,0.5433746308059764,0,0.3044682033475954,0.31455335997086353,logistic_regression,0.3044682033475954,0.06153672077878381
C000723,2022-03-01,rent,car,28,30855.55,0.5769,0.2027,0,16211.92,0.0772,6,0.5254134183315482,0,0.5919359142339176,0.44565484308205483,logistic_regression,0.5919359142339176,0.14526450258782442
C000733,2022-08-01,own,car,45,52157.94,0.1979,0.4824,0,14454.66,0.0653,0,0.2771324941130727,0,0.37723000483262664,0.31332362570911104,logistic_regression,0.37723000483262664,0.0782452388197935
C000740,2022-06-01,mortgage,car,23,32990.39,0.1487,0.6756,0,12860.42,0.0578,8,0.3898232182159714,0,0.4014119892417308,0.3026009621945466,logistic_regression,0.4014119892417308,0.08428053363950022
C000741,2022-02-01,rent,home_improvement,27,125633.55,0.2052,0.7614,1,18193.63,0.0894,6,0.14481505935317437,0,0.41803198796354607,0.41430229835385773,logistic_regression,0.41803198796354607,0.08859382411035863
C000751,2022-10-01,rent,debt_consolidation,24,61304.04,0.2369,0.1952,0,6859.09,0.0797,10,0.11188642706092454,0,0.22756749576647317,0.2215769910834901,logistic_regression,0.22756749576647317,0.04567793852192919
C000754,2022-09-01,rent,car,33,58286.4,0.2026,0.6343,0,10110.17,0.1024,4,0.17345675835186253,1,0.4674943304181313,0.558054202632055,logistic_regression,0.4674943304181313,0.10234594442500623
C000763,2022-09-01,mortgage,home_improvement,49,37710.52,0.1426,0.2276,0,7018.47,0.0818,4,0.18611437869326652,0,0.16790172556172472,0.21326995614383665,logistic_regression,0.16790172556172472,0.03421622626385339
C000764,2022-09-01,mortgage,home_improvement,32,100813.27,0.398,0.3205,0,10713.54,0.063,7,0.1062711287908824,0,0.18903731115775238,0.18662211331595124,logistic_regression,0.18903731115775238,0.03821588960130108
C000772,2022-12-01,mortgage,debt_consolidation,51,34717.37,0.2763,0.4816,0,13677.0,0.0873,1,0.39395265251947365,0,0.3890903950104367,0.3219088335619052,logistic_regression,0.3890903950104367,0.08117125477679765
C000775,2022-03-01,mortgage,debt_consolidation,54,32395.56,0.0918,0.6064,0,7493.26,0.092,11,0.23130515416310135,0,0.2615326879827357,0.33158744308715277,logistic_regression,0.2615326879827357,0.05249780662416626
C000776,2022-10-01,mortgage,home_improvement,39,43104.76,0.197,0.3084,0,38540.82,0.0701,4,0.8941198141458159,0,0.3358380440547551,0.3577730838309281,logistic_regression,0.3358380440547551,0.06849934774059821
C000780,2022-04-01,mortgage,debt_consolidation,31,47127.87,0.2999,0.4799,1,12128.31,0.094,8,0.2573489954033568,0,0.37887928470991783,0.3806387493151873,logistic_regression,0.37887928470991783,0.07864832960045556
C000781,2022-05-01,rent,small_business,28,73812.81,0.2276,0.6776,1,6241.81,0.1048,8,0.08456269311519235,1,0.5904107110321689,0.5335498967392982,logistic_regression,0.5904107110321689,0.1446427575298346
C000794,2022-02-01,own,debt_consolidation,25,62271.65,0.048,0.1387,0,7931.44,0.0512,4,0.12736839316125395,0,0.11444263129656279,0.14460486138186898,logistic_regression,0.11444263129656279,0.024258484628348887
C000797,2022-11-01,rent,small_business,41,68152.07,0.0978,0.3677,0,11480.54,0.0851,10,0.16845475126434165,0,0.3411559651238471,0.24550106445717151,logistic_regression,0.3411559651238471,0.06971382964853602
C000804,2022-08-01,rent,debt_consolidation,40,61942.84,0.223,0.4898,0,33551.45,0.066,9,0.5416517873575057,0,0.537485812489233,0.4431763855840019,logistic_regression,0.537485812489233,0.12471622410730777
C000810,2022-12-01,mortgage,debt_consolidation,42,61078.46,0.0819,0.4676,3,9626.65,0.0813,0,0.15761121023680033,1,0.3939448795379737,0.2854546526953615,logistic_regression,0.3939448795379737,0.08238758607342603
C000812,2022-05-01,mortgage,debt_consolidation,56,40808.88,0.3514,0.2661,1,10509.34,0.0546,5,0.2575258130093254,0,0.3881977539721977,0.35304378841636347,logistic_regression,0.3881977539721977,0.08094879855392663
C000816,2022-03-01,mortgage,debt_consolidation,26,63813.08,0.1937,0.3595,0,12823.16,0.0494,14,0.20094877100431446,0,0.19057781949503513,0.16241874896655578,logistic_regression,0.19057781949503513,0.03850965702442029
C000820,2022-12-01,mortgage,debt_consolidation,42,63999.24,0.0205,0.5572,0,9136.03,0.035,17,0.1427521639319467,0,0.17426003767821646,0.24513080386837138,logistic_regression,0.17426003767821646,0.03541386627281937
C000828,2022-06-01,mortgage,debt_consolidation,34,75083.87,0.2675,0.6644,1,69298.47,0.0945,5,0.9229474985772578,1,0.74849768602496,0.581353883809565,logistic_regression,0.74849768602496,0.23130137629150427
C000829,2022-04-01,mortgage,other,21,94742.88,0.1931,0.3282,1,32728.84,0.035,4,0.3454490722680163,0,0.30719852875425163,0.2966344812430384,logistic_regression,0.30719852875425163,0.06212976493187611
C000835,2022-04-01,rent,debt_consolidation,57,68286.21,0.0697,0.2099,0,12719.54,0.0662,12,0.1862680620289221,0,0.18184126516462276,0.1488203547568001,logistic_regression,0.18184126516462276,0.036847926295992976
C000837,2022-01-01,mortgage,debt_consolidation,32,48136.15,0.4985,0.6061,1,9087.03,0.0846,9,0.1887776650189099,0,0.5629537236788128,0.4946184258247762,logistic_regression,0.5629537236788128,0.1339258596740376
C000840,2022-07-01,own,debt_consolidation,49,83143.84,0.2198,0.4102,1,25093.79,0.0898,0,0.3018117758333029,0,0.3623126369271189,0.4358587988434571,logistic_regression,0.3623126369271189,0.07465283974953509
C000843,2022-07-01,own,debt_consolidation,34,42496.43,0.2654,0.5159,0,21020.77,0.0656,6,0.49464790336505915,0,0.43221153589221994,0.4332781886949688,logistic_regression,0.43221153589221994,0.09238944604239242
C000849,2022-02-01,rent,debt_consolidation,32,74829.46,0.1735,0.2146,0,48256.77,0.0441,6,0.6448899938607067,0,0.4701676547939988,0.29949834638561107,logistic_regression,0.4701676547939988,0.10313258616945532
C000851,2022-11-01,rent,small_business,43,55117.05,0.3543,0.4878,0,12254.29,0.0929,11,0.22233210957407917,0,0.5978636273927673,0.3543161996336327,logistic_regression,0.5978636273927673,0.1477090988825185
C000852,2022-01-01,rent,debt_consolidation,37,50515.57,0.1253,0.2795,0,5853.34,0.0875,9,0.11587199748513181,1,0.22937116922116382,0.24209486015432027,logistic_regression,0.22937116922116382,0.04603382019354134
C000853,2022-10-01,mortgage,car,33,45196.91,0.4626,0.2859,1,27583.14,0.1055,0,0.610288181205308,0,0.51981993589871,0.5980484333189953,logistic_regression,0.51981993589871,0.11869258868421831
C000856,2022-03-01,rent,debt_consolidation,61,43505.91,0.3572,0.4085,0,11422.36,0.0765,1,0.2625473182838837,1,0.5489285470211729,0.3986722928931937,logistic_regression,0.5489285470211729,0.1287733987956883
C000860,2022-01-01,rent,medical,44,71942.77,0.0473,0.6491,2,19490.43,0.0949,5,0.2709157570663459,0,0.4927014446053847,0.5209412047917313,logistic_regression,0.4927014446053847,0.10996175690204382
C000861,2022-11-01,rent,debt_consolidation,43,30149.36,0.3397,0.902,1,26219.52,0.1653,3,0.8696542812185731,0,0.7779021527446723,0.6848016068378847,logistic_regression,0.7779021527446723,0.2551155760717026
C000862,2022-08-01,own,home_improvement,46,75556.9,0.2522,0.6281,0,15155.39,0.0681,8,0.20058247492949025,0,0.3432388881932272,0.27851763533285856,logistic_regression,0.3432388881932272,0.07019238515140863
C000865,2022-03-01,rent,home_improvement,32,31811.21,0.296,0.6172,0,23812.98,0.1113,4,0.7485719656687061,0,0.594757087606889,0.6228124582157798,logistic_regression,0.594757087606889,0.14642232166485925
C000867,2022-02-01,mortgage,debt_consolidation,36,86433.25,0.1401,0.4478,0,8989.23,0.0543,0,0.10400198997492284,0,0.19395569934186158,0.17999782229095246,logistic_regression,0.19395569934186158,0.039154990529821534
C000868,2022-03-01,rent,car,40,39611.14,0.1679,0.3648,0,16444.86,0.0747,1,0.4151574531811001,1,0.4407526683692882,0.36879401269455614,logistic_regression,0.4407526683692882,0.09473033659587644
C000882,2022-04-01,mortgage,debt_consolidation,39,63393.57,0.1635,0.6359,2,11944.15,0.0561,15,0.18841264184995418,0,0.4015076361725151,0.368043371341407,logistic_regression,0.4015076361725151,0.08430495684153076
C000885,2022-01-01,mortgage,small_business,38,33363.89,0.3554,0.2072,2,17854.7,0.1066,9,0.5351504276030163,0,0.5058535475243701,0.4858781222174561,logistic_regression,0.5058535475243701,0.11412210707122243
C000894,2022-11-01,rent,debt_consolidation,21,112020.89,0.2071,0.5767,1,11717.1,0.1009,12,0.10459745499254648,0,0.2873127276348014,0.3581857809328792,logistic_regression,0.2873127276348014,0.05786260188974106
C000904,2022-06-01,rent,other,28,29970.94,0.3234,0.5676,0,5263.15,0.0848,12,0.1756084393749412,0,0.49605044478974386,0.44441687773371147,logistic_regression,0.49605044478974386,0.11100841742419976
C000914,2022-11-01,rent,debt_consolidation,40,59380.83,0.4242,0.7123,1,14979.74,0.1409,2,0.2522655880694157,0,0.6966368463818174,0.7223769768567058,logistic_regression,0.6966368463818174,0.19669430416673273
C000921,2022-05-01,rent,medical,38,44092.03,0.0698,0.2689,0,26193.77,0.043,8,0.5940704022926593,0,0.3133937888549505,0.412813652181119,logistic_regression,0.3133937888549505,0.06348424556870177
C000926,2022-09-01,rent,debt_consolidation,21,46064.11,0.1249,0.6803,2,38610.55,0.1601,10,0.8381915986220075,1,0.6319157616223395,0.7072302417013778,logistic_regression,0.6319157616223395,0.1626942575369236
C000936,2022-09-01,own,debt_consolidation,42,54540.87,0.3025,0.2886,0,5135.73,0.0734,0,0.09416296439715757,0,0.2710398582538719,0.28021534512294616,logistic_regression,0.2710398582538719,0.05445566684580758
C000943,2022-07-01,rent,debt_consolidation,21,69690.08,0.5751,0.7583,1,28758.78,0.1331,14,0.41266676692005516,0,0.7771814276948824,0.7920462379230819,logistic_regression,0.7771814276948824,0.254486662162584
C000947,2022-11-01,own,small_business,29,51453.03,0.4491,0.5588,2,14039.85,0.1355,8,0.27286731218744553,0,0.6862803111237029,0.6319795020185316,logistic_regression,0.6862803111237029,0.19066799823445565
C000949,2022-09-01,mortgage,debt_consolidation,44,70797.59,0.1703,0.2436,0,17504.25,0.0487,17,0.24724358555142908,0,0.14575721840987496,0.20983600239383968,logistic_regression,0.14575721840987496,0.03007430972014634
C000959,2022-11-01,own,debt_consolidation,21,61747.15,0.5153,0.8783,0,14881.58,0.0875,0,0.24100837042681322,0,0.7064364750879055,0.5113138823699995,logistic_regression,0.7064364750879055,0.20263953397270798
C000963,2022-03-01,mortgage,medical,43,89675.88,0.5173,0.388,0,16669.77,0.0804,7,0.18588911533402291,0,0.30201807538669145,0.2974697158223409,logistic_regression,0.30201807538669145,0.06100652629516028
C000965,2022-09-01,own,home_improvement,21,81249.69,0.4076,0.2263,0,29167.22,0.0942,2,0.3589825388872253,0,0.3093661315023821,0.3442035111574949,logistic_regression,0.3093661315023821,0.06260226625865471
C000969,2022-08-01,rent,medical,26,76489.58,0.5555,0.4908,0,16256.87,0.0763,7,0.21253705406671078,0,0.5654892146909147,0.3309717114357148,logistic_regression,0.5654892146909147,0.13487951187674038
C000999,2022-10-01,rent,home_improvement,50,78351.24,0.7557,0.2169,1,58894.76,0.1453,10,0.751676170026154,1,0.7909590258198052,0.6699687761405785,logistic_regression,0.7909590258198052,0.2669566288196119
C001001,2022-01-01,rent,car,33,106734.26,0.4361,0.1986,0,19214.36,0.091,10,0.18002054822884425,0,0.2841789706409793,0.30672828354439985,logistic_regression,0.2841789706409793,0.05720080382934286
C001004,2022-06-01,mortgage,debt_consolidation,38,140703.97,0.1551,0.5875,0,17329.84,0.0786,1,0.12316525255115403,0,0.15055096235051746,0.2397455853755198,logistic_regression,0.15055096235051746,0.030967738893220253
C001006,2022-08-01,own,debt_consolidation,46,45284.23,0.5571,0.2728,1,11361.9,0.0739,10,0.2509019144192139,0,0.48245690201016234,0.45694780038088206,logistic_regression,0.48245690201016234,0.10681196549017766
C001007,2022-04-01,rent,other,59,35834.58,0.2787,0.3818,0,32376.83,0.0928,8,0.9035080081865059,0,0.4908447416611829,0.46471319718418197,logistic_regression,0.4908447416611829,0.10938513579192154
C001016,2022-03-01,mortgage,medical,22,60824.21,0.2363,0.4155,0,31243.72,0.0785,9,0.5136724340521645,0,0.28967625510073464,0.38948658054790375,logistic_regression,0.28967625510073464,0.05836360115163322
C001023,2022-05-01,rent,debt_consolidation,54,57359.49,0.3949,0.319,0,15574.3,0.0869,6,0.2715208939270555,1,0.4616961388644687,0.3330010297341945,logistic_regression,0.4616961388644687,0.10065612732964369
C001024,2022-03-01,own,debt_consolidation,48,73310.91,0.5358,0.1674,0,7680.43,0.0421,11,0.10476517069560315,0,0.2807086982033163,0.2571691404424383,logistic_regression,0.2807086982033163,0.05647117020981756
C001025,2022-02-01,mortgage,other,21,68345.35,0.2058,0.7258,0,18399.9,0.0734,9,0.2692194860367238,0,0.3458853585877137,0.36774001518679567,logistic_regression,0.3458853585877137,0.0708027814715923
C001037,2022-07-01,mortgage,debt_consolidation,49,62156.67,0.2911,0.3235,0,20460.37,0.035,8,0.32917416586184556,0,0.3147231883080709,0.27465506078428276,logistic_regression,0.3147231883080709,0.06377651917409842
C001040,2022-02-01,rent,debt_consolidation,50,101191.17,0.4051,0.5727,0,28837.35,0.0961,6,0.2849789166386751,0,0.5501360929769661,0.4532318143761297,logistic_regression,0.5501360929769661,0.1292090605814234
C001042,2022-04-01,mortgage,debt_consolidation,41,48651.53,0.3692,0.6434,2,33632.93,0.1249,9,0.6913026167933465,0,0.6485908397077554,0.7095884950654134,logistic_regression,0.6485908397077554,0.17068793202923319
C001054,2022-10-01,rent,car,45,81826.8,0.0804,0.1201,0,22357.59,0.066,6,0.27323065303788,0,0.20214004885830844,0.1719930866869404,logistic_regression,0.20214004885830844,0.040725686691507855
C001056,2022-12-01,mortgage,debt_consolidation,53,62590.8,0.3113,0.2478,0,30110.93,0.0832,5,0.4810759728266774,0,0.3070601669099904,0.34605507858133766,logistic_regression,0.3070601669099904,0.062099655182060724
C001067,2022-08-01,rent,home_improvement,31,49294.67,0.1036,0.4138,1,12909.06,0.1023,7,0.2618753711101018,0,0.3528723121394502,0.4485147328497183,logistic_regression,0.3528723121394502,0.07242724114428285
C001080,2022-03-01,own,small_business,55,49222.09,0.8117,0.5892,1,4671.87,0.1875,4,0.09491409243288938,1,0.7726075531155604,0.6485063399282287,logistic_regression,0.7726075531155604,0.25055228979354355
C001081,2022-08-01,rent,debt_consolidation,42,55607.13,0.3443,0.4003,0,16416.6,0.0924,8,0.29522473107315556,0,0.4555490270065196,0.39072745225948124,logistic_regression,0.4555490270065196,0.09888848881682825
C001082,2022-12-01,own,debt_consolidation,23,173500.92,0.2056,0.4583,0,43887.28,0.035,7,0.2529512811805263,0,0.2081233996634268,0.31000634537637695,logistic_regression,0.2081233996634268,0.04188073304383086
C001083,2022-10-01,own,other,21,52174.96,0.1943,0.6575,0,23022.62,0.0755,7,0.4412580287555563,1,0.404130355844879,0.46576526689501113,logistic_regression,0.404130355844879,0.08497642583998474
C001086,2022-03-01,mortgage,small_business,36,79152.43,0.4167,0.8036,0,29264.15,0.1411,7,0.36971890818765774,1,0.6503078429454182,0.6807699622648211,logistic_regression,0.6503078429454182,0.1715382347280114
C001087,2022-01-01,rent,debt_consolidation,52,64878.35,0.4703,0.3766,0,16365.18,0.074,5,0.2522440845058483,0,0.5486230706738522,0.4067822474217761,logistic_regression,0.5486230706738522,0.12866341984976243
C001088,2022-12-01,rent,debt_consolidation,42,62145.17,0.2744,0.4466,0,72730.39,0.0962,9,1.1703305341348331,0,0.732584903529229,0.4440338206044446,logistic_regression,0.732584903529229,0.21980087019351296
C001093,2022-03-01,mortgage,car,47,98204.45,0.1357,0.2766,0,13582.78,0.0466,9,0.13831124760639665,0,0.12396507081597768,0.14725397706709084,logistic_regression,0.12396507081597768,0.02602563918369904
C001097,2022-03-01,rent,other,36,50653.8,0.295,0.5743,0,6975.91,0.0675,9,0.13771740718366637,1,0.4745226500123959,0.42771484357929856,logistic_regression,0.4745226500123959,0.10442445664312049
C001103,2022-08-01,rent,car,30,59475.37,0.3841,0.3667,1,12387.63,0.1046,4,0.20828168029892036,0,0.5240631589375301,0.397768260606247,logistic_regression,0.5240631589375301,0.12011394998231761
C001108,2022-07-01,mortgage,car,21,87042.33,0.3907,0.4738,0,10070.26,0.0647,12,0.11569382391303173,1,0.2644142534303507,0.19518697034911886,logistic_regression,0.2644142534303507,0.053088791202104135
C001109,2022-09-01,rent,debt_consolidation,48,104924.88,0.0773,0.2923,0,52573.25,0.0383,2,0.5010560888894988,0,0.44573326164655436,0.37221414870945824,logistic_regression,0.44573326164655436,0.09611513987835095
C001117,2022-12-01,mortgage,debt_consolidation,24,46521.09,0.5317,0.8112,1,21026.26,0.143,10,0.4519726429453824,1,0.6695161985429318,0.7388705970578041,logistic_regression,0.6695161985429318,0.1814260162225057
C001125,2022-03-01,mortgage,debt_consolidation,46,35267.95,0.2951,0.7278,1,18863.25,0.0611,9,0.5348553006341452,0,0.6015658925933592,0.49474430179248724,logistic_regression,0.6015658925933592,0.1492591467707935
C001126,2022-03-01,own,debt_consolidation,47,69896.92,0.0263,0.2173,0,12926.74,0.0756,3,0.18494005172187844,0,0.12277766521450757,0.15350107224324794,logistic_regression,0.12277766521450757,0.02580532346390348
C001127,2022-04-01,rent,small_business,42,28000.0,0.2582,0.4964,1,6003.22,0.1184,3,0.2144007142857143,0,0.6699837079256968,0.5507156283172717,logistic_regression,0.6699837079256968,0.1816756738466547
C001141,2022-05-01,rent,debt_consolidation,27,74596.32,0.2787,0.1863,0,12409.02,0.0541,10,0.16634895662413374,0,0.2646025126035446,0.12962626950852207,logistic_regression,0.2646025126035446,0.053127474233306916
C001143,2022-08-01,own,debt_consolidation,29,78218.8,0.3563,0.1726,0,11178.1,0.0593,6,0.14290809882023248,0,0.20326747192692918,0.11665627734837089,logistic_regression,0.20326747192692918,0.04094287878150208
C001144,2022-03-01,mortgage,small_business,32,28000.0,0.3113,0.1319,0,10950.55,0.089,7,0.3910910714285714,0,0.3143808477655236,0.2985414899006478,logistic_regression,0.3143808477655236,0.0637011987547629
C001150,2022-04-01,mortgage,debt_consolidation,65,52647.61,0.1774,0.5885,0,18260.07,0.035,5,0.3468356873179998,1,0.4116940950398057,0.33552611404546523,logistic_regression,0.4116940950398057,0.08693226070889788
C001154,2022-07-01,rent,debt_consolidation,53,50113.3,0.3802,0.2212,0,42830.9,0.1278,8,0.8546812921918931,0,0.5010343323489259,0.5718535178967931,logistic_regression,0.5010343323489259,0.11258198542306068
C001158,2022-04-01,mortgage,other,54,55451.76,0.1419,0.0616,0,29319.12,0.035,11,0.5287320005713073,0,0.16305718510701567,0.1573085810113174,logistic_regression,0.16305718510701567,0.033306529128042356
C001163,2022-03-01,own,car,47,48756.12,0.2509,0.7825,2,40584.7,0.1253,10,0.8324021681790921,1,0.709724904745028,0.6506611336179997,logistic_regression,0.709724904745028,0.20469058229144949
C001169,2022-12-01,mortgage,debt_consolidation,21,59457.75,0.4191,0.6084,0,9362.03,0.0963,0,0.15745684961169906,0,0.4463693315891534,0.3549020620647436,logistic_regression,0.4463693315891534,0.09629306387573104
C001170,2022-08-01,mortgage,debt_consolidation,47,49128.82,0.2578,0.4822,1,26843.31,0.0787,4,0.5463862148531148,0,0.47788080280494183,0.5010732222841946,logistic_regression,0.47788080280494183,0.1054295581918916
C001182,2022-08-01,mortgage,debt_consolidation,28,33419.21,0.404,0.3426,0,15101.4,0.0909,8,0.4518778271539034,0,0.3476179841053263,0.3412342572386023,logistic_regression,0.3476179841053263,0.071203851625143
C001198,2022-11-01,rent,home_improvement,31,28000.0,0.3126,0.5042,0,13105.38,0.1107,3,0.46804928571428567,1,0.5203762457687907,0.49135510728949305,logistic_regression,0.5203762457687907,0.11887804583631643
C001199,2022-01-01,rent,medical,35,71303.01,0.4309,0.1682,0,14041.35,0.072,10,0.19692506669774532,0,0.3103051549384254,0.22874681234041264,logistic_regression,0.3103051549384254,0.06280742498484283
C001201,2022-05-01,rent,debt_consolidation,54,53691.16,0.0574,0.5994,1,15538.69,0.0718,7,0.28940872203170875,0,0.48388615572637395,0.48411106834674794,logistic_regression,0.48388615572637395,0.10724679761083034
C001203,2022-12-01,own,home_improvement,53,46379.99,0.3399,0.6309,1,7463.45,0.035,9,0.1609196120999595,0,0.553189016355354,0.38406770619651626,logistic_regression,0.553189016355354,0.1303170745177621
C001206,2022-07-01,mortgage,debt_consolidation,41,110347.45,0.2223,0.3622,1,15510.11,0.0924,7,0.14055703144929949,0,0.16672938263361756,0.23670695201217776,logistic_regression,0.16672938263361756,0.03399587329617313
C001210,2022-10-01,rent,car,42,60636.57,0.468,0.5628,1,16941.47,0.1228,2,0.27939360686133796,0,0.6940553234924332,0.6872839544956615,logistic_regression,0.6940553234924332,0.1951681958186893
C001214,2022-05-01,own,car,38,77499.31,0.2015,0.7336,0,8562.37,0.0598,8,0.11048317720506158,0,0.3513576615171409,0.35028205524565603,logistic_regression,0.3513576615171409,0.07207347145873981
C001219,2022-01-01,rent,other,36,74767.42,0.3586,0.2578,1,30048.52,0.0811,0,0.401893231035657,0,0.5382774899481593,0.4905634137988143,logistic_regression,0.5382774899481593,0.1249928628312333
C001223,2022-10-01,mortgage,home_improvement,21,47348.69,0.3562,0.6005,0,41964.14,0.088,5,0.8862787967312294,0,0.5711322318810266,0.4958105305949658,logistic_regression,0.5711322318810266,0.13702733686230734
C001226,2022-11-01,mortgage,small_business,44,59066.33,0.1669,0.159,0,23045.92,0.0372,4,0.3901701697058205,0,0.3218230195550103,0.19335749905500504,logistic_regression,0.3218230195550103,0.06534739901821769
C001228,2022-12-01,mortgage,small_business,21,94574.56,0.2533,0.1812,0,20365.53,0.0793,5,0.21533835314697736,0,0.22467224394948213,0.20522019221023105,logistic_regression,0.22467224394948213,0.04510802805584218
C001231,2022-02-01,rent,other,26,28000.0,0.2312,0.4739,0,12939.08,0.0983,1,0.46211,0,0.4658972473841359,0.42362280804716435,logistic_regression,0.4658972473841359,0.10187827630469252
C001233,2022-11-01,rent,debt_consolidation,30,30977.89,0.185,0.3364,0,18126.21,0.0494,8,0.58513378412797,0,0.4188976251893285,0.4304514980172041,logistic_regression,0.4188976251893285,0.08882240601426562
C001243,2022-10-01,rent,debt_consolidation,67,48159.03,0.2903,0.2404,0,29371.68,0.0695,2,0.6098893603131127,0,0.5027768502229744,0.42490654073496054,logistic_regression,0.5027768502229744,0.11313673037476912
C001245,2022-05-01,mortgage,other,46,37187.86,0.2498,0.1612,0,16610.05,0.0519,7,0.4466524828263847,0,0.2200580499688506,0.24231767528111225,logistic_regression,0.2200580499688506,0.044203113982716584
C001246,2022-12-01,rent,home_improvement,37,49807.0,0.2104,0.1718,0,13404.06,0.0708,7,0.26912000321239987,0,0.2773151382042273,0.25111235213000305,logistic_regression,0.2773151382042273,0.05576089123326423
C001247,2022-04-01,own,debt_consolidation,21,52972.7,0.2934,0.4375,0,6802.09,0.0718,6,0.1284074627119252,0,0.3044817304448209,0.2497660727082285,logistic_regression,0.3044817304448209,0.06153965316831818
C001250,2022-11-01,rent,car,29,76008.06,0.2286,0.4832,0,6690.05,0.0744,11,0.08801763918194992,1,0.3194632647927131,0.3183905512602583,logistic_regression,0.3194632647927131,0.06482341036414867
C001260,2022-01-01,rent,debt_consolidation,35,45958.22,0.2514,0.3696,1,54586.83,0.1077,5,1.1877490033338975,1,0.6629251381289444,0.5441822972191739,logistic_regression,0.6629251381289444,0.17795306820926865
C001262,2022-08-01,rent,home_improvement,45,73701.07,0.4164,0.2817,0,20708.92,0.0885,4,0.2809853371192575,0,0.43556561335576505,0.3337999401952944,logistic_regression,0.43556561335576505,0.09330368186365677
C001264,2022-02-01,mortgage,debt_consolidation,35,44799.95,0.2379,0.0191,0,29990.8,0.0778,0,0.6694382471409008,1,0.2225687217604225,0.300362590724759,logistic_regression,0.2225687217604225,0.04469498981027108
C001269,2022-10-01,own,home_improvement,29,40825.63,0.1688,0.5547,1,11284.32,0.0449,12,0.27640283811909333,0,0.39077783417857487,0.31096086669867257,logistic_regression,0.39077783417857487,0.08159279917952483
C001273,2022-08-01,own,debt_consolidation,43,107111.23,0.5974,0.422,1,24937.79,0.088,8,0.23282143244923995,0,0.4860800231029374,0.48217897922400477,logistic_regression,0.4860800231029374,0.10791712912671157
C001280,2022-04-01,own,other,53,78122.72,0.2341,0.235,1,9756.99,0.0447,10,0.12489311688072305,0,0.19931691340479923,0.16539253433197668,logistic_regression,0.19931691340479923,0.04018271476698146
C001284,2022-01-01,own,car,41,33401.58,0.0871,0.5983,1,17438.64,0.088,2,0.5220902723763367,0,0.4433950886598291,0.4369475514425686,logistic_regression,0.4433950886598291,0.095463190595828
C001287,2022-07-01,mortgage,home_improvement,69,64631.3,0.3953,0.477,1,5255.77,0.0557,12,0.08131926790889245,0,0.37238324003964873,0.29656365850519667,logistic_regression,0.37238324003964873,0.07706758567410821
C001292,2022-04-01,own,small_business,55,111342.56,0.3168,0.6196,1,10439.11,0.0797,8,0.0937566910622497,0,0.4336098223767009,0.34681644839158465,logistic_regression,0.4336098223767009,0.09276980197130305
C001295,2022-10-01,mortgage,car,21,69181.08,0.4441,0.4356,0,12189.12,0.0721,10,0.17619152519735165,0,0.3417516668534705,0.22618374764663526,logistic_regression,0.3417516668534705,0.06985052693341938
C001304,2022-06-01,rent,debt_consolidation,52,28000.0,0.4074,0.8895,1,36483.28,0.1937,4,1.3029742857142856,1,0.7926299302157634,0.7211323201565047,logistic_regression,0.7926299302157634,0.2685362505588559
C001310,2022-04-01,other,debt_consolidation,33,45891.9,0.2253,0.8288,1,2021.73,0.107,5,0.044054179495728006,0,0.4360087408404887,0.44936931173692585,logistic_regression,0.4360087408404887,0.0934249495509761
C001314,2022-04-01,mortgage,home_improvement,21,41749.92,0.3257,0.8756,1,23989.67,0.1217,2,0.5746039752890544,1,0.6571467381101088,0.6275369132221457,logistic_regression,0.6571467381101088,0.17497819630557848
C001315,2022-07-01,mortgage,debt_consolidation,33,107810.65,0.2953,0.0665,0,19797.41,0.0661,8,0.18363130173132247,0,0.1102334761378878,0.1308001774589815,logistic_regression,0.1102334761378878,0.023476738884304134
C001324,2022-06-01,mortgage,car,46,56910.93,0.1002,0.4067,0,16122.57,0.0712,2,0.28329479064917756,0,0.2451669524627706,0.2727843660123844,logistic_regression,0.2451669524627706,0.04917945403894422
C001325,2022-04-01,rent,debt_consolidation,33,46668.95,0.4488,0.4511,1,29574.59,0.1272,1,0.6337102077505494,1,0.7028455055909065,0.7283458932953989,logistic_regression,0.7028455055909065,0.20043243317358586
C001334,2022-01-01,own,home_improvement,21,60564.16,0.3444,0.1162,0,48300.6,0.0954,8,0.7975112673898226,1,0.33220709748590665,0.32195087321063864,logistic_regression,0.33220709748590665,0.06767606943612103
C001336,2022-12-01,rent,debt_consolidation,21,69375.03,0.1836,0.6342,0,11085.71,0.1028,9,0.159793948917932,0,0.3736949394858834,0.46364147250005583,logistic_regression,0.3736949394858834,0.07738528811252393
C001346,2022-12-01,mortgage,home_improvement,55,112865.07,0.2628,0.4569,1,20353.86,0.0592,9,0.1803379911960361,0,0.2496337566113793,0.24554062428007228,logistic_regression,0.2496337566113793,0.05007891185643643
C001347,2022-04-01,rent,debt_consolidation,34,89839.97,0.3024,0.2328,0,22984.06,0.0581,3,0.25583334455699397,0,0.35907801417230295,0.34809469388498193,logistic_regression,0.35907801417230295,0.07388620383449379
C001354,2022-07-01,rent,debt_consolidation,37,48671.42,0.078,0.5095,2,6522.7,0.0747,8,0.13401499278221182,1,0.4693452671110384,0.4269771808084847,logistic_regression,0.4693452671110384,0.10289008131337868
C001369,2022-10-01,mortgage,debt_consolidation,51,125680.45,0.2992,0.2831,0,31703.77,0.0709,5,0.2522569739366783,0,0.1976915115747741,0.3441475603180859,logistic_regression,0.1976915115747741,0.03987066878508291
C001371,2022-05-01,other,home_improvement,37,54732.1,0.1327,0.6922,1,9182.0,0.0943,6,0.16776261097235443,0,0.3176736503437324,0.47213485305501535,logistic_regression,0.3176736503437324,0.06442727590466964
C001375,2022-06-01,rent,debt_consolidation,49,79740.45,0.448,0.1469,0,35917.41,0.0667,11,0.45042898553996125,0,0.4660346293860263,0.2745630141955175,logistic_regression,0.4660346293860263,0.10191843868901156
C001376,2022-10-01,mortgage,debt_consolidation,52,68802.72,0.1437,0.3709,0,49449.9,0.0705,6,0.7187201319947816,0,0.37338842906030706,0.2734525243318402,logistic_regression,0.37338842906030706,0.07731098246826554
C001377,2022-10-01,mortgage,home_improvement,37,50277.8,0.2507,0.212,0,12145.09,0.0505,6,0.24155969433825664,0,0.21500475498215948,0.20894732277162123,logistic_regression,0.21500475498215948,0.04321666813814273
C001381,2022-11-01,mortgage,debt_consolidation,47,62434.64,0.5108,0.7844,0,10702.48,0.1064,1,0.17141894307390895,0,0.5910862835133133,0.5603215383567832,logistic_regression,0.5910862835133133,0.14491779142341502
C001384,2022-06-01,rent,debt_consolidation,26,77514.64,0.3316,0.3662,0,16520.08,0.0795,8,0.21312206313542836,0,0.37736553119375327,0.2196982662787284,logistic_regression,0.37736553119375327,0.07827831661294146
C001389,2022-06-01,rent,other,54,33836.5,0.2146,0.4863,0,54757.3,0.1235,8,1.6182908988813856,0,0.5442115690600758,0.622975850844831,logistic_regression,0.5442115690600758,0.1270854941284293
C001390,2022-07-01,mortgage,car,41,28000.0,0.5839,0.6668,0,13874.43,0.1423,7,0.49551535714285716,1,0.5971720831297724,0.6966398075468571,logistic_regression,0.5971720831297724,0.14742156568724746
C001393,2022-12-01,rent,debt_consolidation,34,28938.48,0.491,0.3877,1,14653.29,0.1244,2,0.5063600437894458,0,0.6531759900298256,0.6827631888734285,logistic_regression,0.6531759900298256,0.17297046061527832
C001401,2022-04-01,rent,other,37,53158.15,0.3728,0.4538,1,26708.95,0.142,0,0.5024431813371986,0,0.6029945697292971,0.6741903234039199,logistic_regression,0.6029945697292971,0.14986217687103315
C001408,2022-05-01,rent,car,34,44963.75,0.3851,0.4145,0,14749.67,0.1071,2,0.3280346946151066,1,0.5411271970643526,0.49475736957178473,logistic_regression,0.5411271970643526,0.12599357666006153
C001419,2022-04-01,rent,car,21,143104.86,0.2403,0.4636,1,17781.0,0.077,17,0.1242515453353576,0,0.22150546623592385,0.33807539313166507,logistic_regression,0.22150546623592385,0.04448653708551373
C001421,2022-09-01,own,debt_consolidation,43,106809.02,0.0669,0.5319,1,26933.3,0.0783,10,0.2521631600027788,0,0.23638544533305142,0.4328075078660094,logistic_regression,0.23638544533305142,0.04742411724783815
C001422,2022-12-01,rent,home_improvement,56,85147.05,0.4844,0.0237,0,6982.9,0.082,5,0.08200988760033377,0,0.24468034896044327,0.2329169182512923,logistic_regression,0.24468034896044327,0.04908174232236386
C001426,2022-01-01,rent,debt_consolidation,27,109988.69,0.0862,0.2745,0,18856.14,0.061,12,0.17143708139445973,0,0.15228155418961206,0.2141677885288393,logistic_regression,0.15228155418961206,0.03129064893100567
C001428,2022-07-01,mortgage,debt_consolidation,25,72940.63,0.3885,0.2692,0,22736.19,0.0755,7,0.3117081659426303,0,0.28469505064515294,0.27509893315597445,logistic_regression,0.28469505064515294,0.05730959965261736
C001440,2022-10-01,own,other,39,127714.6,0.2195,0.578,0,31320.29,0.0752,7,0.24523656653193918,0,0.24780784401165343,0.4290555025735476,logistic_regression,0.24780784401165343,0.04971068688261915
C001443,2022-09-01,rent,small_business,35,125653.96,0.4393,0.7828,0,27681.9,0.1616,9,0.22030264704749455,0,0.618052497436827,0.6565364159135098,logistic_regression,0.618052497436827,0.15638979831836447
C001447,2022-09-01,rent,home_improvement,21,32631.17,0.1311,0.2634,1,24230.83,0.0811,7,0.7425669995896562,0,0.38766027822173954,0.4724259423095327,logistic_regression,0.38766027822173954,0.08081503197409594
C001448,2022-10-01,mortgage,debt_consolidation,26,78439.48,0.1421,0.5893,0,11766.02,0.0361,9,0.15000124937085255,0,0.24996381659062433,0.19393042633070123,logistic_regression,0.24996381659062433,0.05014555583731273
C001457,2022-12-01,rent,car,21,29973.51,0.1074,0.2182,1,25540.36,0.0778,4,0.8520977356338981,0,0.4027415041152274,0.44190103387799345,logistic_regression,0.4027415041152274,0.08462042696649813
C001465,2022-04-01,rent,car,53,80917.46,0.104,0.5042,0,23117.08,0.0742,14,0.2856871681340467,0,0.33219378826234214,0.3076445386030432,logistic_regression,0.33219378826234214,0.06767306045477103
C001471,2022-06-01,rent,car,35,73613.05,0.4207,0.3755,1,10213.3,0.0677,5,0.1387430625412206,0,0.5379453866813249,0.34903793383946297,logistic_regression,0.5379453866813249,0.1248767426628035
C001475,2022-11-01,mortgage,car,42,73438.32,0.2085,0.3154,0,10666.55,0.0563,7,0.14524501649819874,0,0.19223231191514745,0.13108172207619667,logistic_regression,0.19223231191514745,0.03882553627353412
C001486,2022-04-01,mortgage,other,46,30087.0,0.3616,0.5235,1,26073.81,0.0677,4,0.8666138199222256,0,0.5620736640723997,0.42840377033695354,logistic_regression,0.5620736640723997,0.13359647585558246
C001500,2022-03-01,rent,debt_consolidation,37,125290.53,0.3842,0.3731,1,16164.05,0.049,0,0.12901254388500072,1,0.42535200639364323,0.3162488431269787,logistic_regression,0.42535200639364323,0.09053947715079166
C001507,2022-07-01,rent,debt_consolidation,37,31015.81,0.268,0.7303,1,22049.55,0.1078,11,0.7109132406988564,0,0.6714102598550213,0.584877179877837,logistic_regression,0.6714102598550213,0.18244024482827464
C001509,2022-04-01,rent,car,38,71615.65,0.5646,0.3595,1,24482.12,0.0755,6,0.34185432932606213,0,0.6982418447040637,0.5605868292872358,logistic_regression,0.6982418447040637,0.19765137705776553
C001516,2022-08-01,rent,debt_consolidation,53,67091.89,0.1451,0.5221,1,22721.44,0.0945,8,0.3386614984314796,0,0.4719289967195017,0.40570461006238456,logistic_regression,0.4719289967195017,0.10365351139876341
C001521,2022-04-01,rent,car,27,48975.73,0.1383,0.3842,1,9695.29,0.0789,8,0.1979611125755553,1,0.39197052600743165,0.4115542386885781,logistic_regression,0.39197052600743165,0.08189155505637348
C001530,2022-08-01,rent,other,41,119440.69,0.2543,0.4741,1,5858.37,0.0529,2,0.04904836032008857,0,0.3039093261776917,0.3464311416217777,logistic_regression,0.3039093261776917,0.06141561804955288
C001533,2022-08-01,own,other,46,28000.0,0.2703,0.241,0,16048.75,0.0456,8,0.5731696428571429,0,0.28760727215309123,0.3041256783724399,logistic_regression,0.28760727215309123,0.05792494896899932
C001535,2022-01-01,rent,home_improvement,42,70090.7,0.1154,0.3494,2,13661.44,0.0603,8,0.1949108797600823,0,0.3930707139274125,0.2635920592382936,logistic_regression,0.3930707139274125,0.08216773509788428
C001548,2022-03-01,rent,debt_consolidation,30,108186.08,0.2255,0.292,0,9842.07,0.0719,1,0.09097353374851921,0,0.21337455246764084,0.2564281391227537,logistic_regression,0.21337455246764084,0.04289943015847573
C001552,2022-04-01,rent,debt_consolidation,35,28000.0,0.4154,0.7314,2,19963.42,0.1698,4,0.7129792857142857,0,0.7747481927560855,0.7277528745049165,logistic_regression,0.7747481927560855,0.2523815243660919
C001557,2022-06-01,mortgage,debt_consolidation,41,59596.48,0.1434,0.7279,2,58433.97,0.1112,11,0.9804936466046317,0,0.6777857917095815,0.5958160125349472,logistic_regression,0.6777857917095815,0.18590919676362708
C001559,2022-12-01,mortgage,debt_consolidation,54,97157.8,0.5096,0.8255,1,17092.33,0.0862,4,0.17592339472487029,1,0.6248305283762163,0.4233677162747709,logistic_regression,0.6248305283762163,0.15943531998964594
C001560,2022-04-01,own,debt_consolidation,35,194370.97,0.2498,0.1398,0,19746.35,0.0581,4,0.10159104520597906,0,0.047932822801736996,0.1280704795571323,logistic_regression,0.047932822801736996,0.011614828392665744
C001564,2022-08-01,rent,home_improvement,51,28000.0,0.1142,0.2931,0,13612.47,0.0848,4,0.48615964285714286,0,0.3202528249606982,0.27233161056133454,logistic_regression,0.3202528249606982,0.06499852379368797
C001567,2022-11-01,mortgage,home_improvement,46,48200.48,0.3239,0.3355,0,10061.47,0.065,8,0.20874211211174656,0,0.27480994642126116,0.28607131848234635,logistic_regression,0.27480994642126116,0.055238561521592275
C001569,2022-07-01,rent,debt_consolidation,40,110971.69,0.2718,0.3383,0,19542.48,0.0528,3,0.17610329265058502,0,0.31660877928104714,0.31276974456370116,logistic_regression,0.31660877928104714,0.06419207345076136
C001570,2022-12-01,own,car,37,52061.75,0.3897,0.4999,0,29092.33,0.0766,0,0.5588043045037864,0,0.5754943297674197,0.4787953261232556,logistic_regression,0.5754943297674197,0.13871216123626284
C001574,2022-01-01,rent,debt_consolidation,38,43992.8,0.3064,0.7716,0,17170.69,0.1075,3,0.39030682293466196,0,0.6673116701528984,0.5957323967932743,logistic_regression,0.6673116701528984,0.18025474378553202
C001587,2022-02-01,mortgage,debt_consolidation,44,108292.47,0.2917,0.3751,2,7537.69,0.0459,5,0.06960493190339087,0,0.26701103824343797,0.2453528522700569,logistic_regression,0.26701103824343797,0.05362316703084099
C001589,2022-04-01,rent,debt_consolidation,30,80332.44,0.1974,0.6619,1,23113.01,0.0924,4,0.2877170169361219,0,0.5659655553903752,0.5539297171755755,logistic_regression,0.5659655553903752,0.13505945495392438
C001599,2022-03-01,own,other,27,59509.39,0.3557,0.3014,1,12776.16,0.0565,5,0.2146914965856649,0,0.35867326847837083,0.20034767160693762,logistic_regression,0.35867326847837083,0.07379057583873413
C001603,2022-02-01,mortgage,debt_consolidation,36,68781.79,0.2028,0.073,0,5743.41,0.075,4,0.0835018978133602,0,0.10657114441549946,0.11916428137706624,logistic_regression,0.10657114441549946,0.02279596107033553
C001606,2022-06-01,rent,car,37,49199.35,0.5379,0.4017,2,12905.86,0.1479,7,0.2623176932215568,0,0.6705942373118752,0.6959932057190478,logistic_regression,0.6705942373118752,0.18200237975153746
C001620,2022-12-01,mortgage,home_improvement,43,86089.0,0.3495,0.477,0,33002.56,0.0568,9,0.3833539708905899,0,0.39421229226477494,0.36693125803296645,logistic_regression,0.39421229226477494,0.08245491250099854
C001623,2022-08-01,mortgage,car,37,28000.0,0.1262,0.1911,1,6711.73,0.0881,0,0.23970464285714285,0,0.23780310736742438,0.32208910739789687,logistic_regression,0.23780310736742438,0.047706361819889416
C001626,2022-12-01,mortgage,car,36,28000.0,0.2915,0.0251,0,20326.52,0.0741,8,0.7259471428571429,0,0.20147496315416924,0.2949118157078797,logistic_regression,0.20147496315416924,0.04059765727513916
C001632,2022-06-01,mortgage,debt_consolidation,33,45039.89,0.1815,0.2221,0,7884.86,0.0505,3,0.1750639266658955,0,0.20450436808194938,0.1779800003186772,logistic_regression,0.20450436808194938,0.04118139764849313
C001634,2022-05-01,rent,home_improvement,32,41886.61,0.2304,0.2109,0,7124.45,0.035,7,0.17008896160372014,0,0.33495192270959406,0.30198198836589996,logistic_regression,0.33495192270959406,0.0682979888688608
C001649,2022-11-01,own,debt_consolidation,44,44485.36,0.3691,0.3307,1,22129.83,0.0617,3,0.49746321036853475,0,0.5070775428888407,0.45580706652634617,logistic_regression,0.5070775428888407,0.11451622721072122
C001650,2022-03-01,mortgage,debt_consolidation,21,30788.58,0.1532,0.4359,0,6634.09,0.0975,9,0.21547242516543472,0,0.21933608018986112,0.2516602424365698,logistic_regression,0.21933608018986112,0.04406189020318637
C001657,2022-03-01,mortgage,debt_consolidation,29,40455.53,0.3411,0.32,1,10911.79,0.035,16,0.2697230761777191,0,0.35453890331869525,0.3350507269506812,logistic_regression,0.35453890331869525,0.07281754572438391
C001658,2022-05-01,own,home_improvement,58,61176.1,0.524,0.6132,0,19592.34,0.0929,0,0.3202613438908332,0,0.6070024883471854,0.5394131874718094,logistic_regression,0.6070024883471854,0.15156863556707328
C001659,2022-03-01,mortgage,debt_consolidation,34,39245.93,0.1403,0.7647,1,10013.61,0.0888,7,0.2551502792773671,0,0.44795743992477777,0.4390490453548023,logistic_regression,0.44795743992477777,0.0967383667731765
C001676,2022-12-01,mortgage,car,46,28000.0,0.3731,0.3903,1,23495.95,0.0953,4,0.8391410714285714,0,0.4923141105438933,0.46073097043192934,logistic_regression,0.4923141105438933,0.10984125192132851
C001679,2022-08-01,mortgage,debt_consolidation,46,35831.18,0.1452,0.2354,0,21965.63,0.0589,6,0.6130311644774189,0,0.23168945086952,0.2216822588768622,logistic_regression,0.23168945086952,0.04649220348848457
C001681,2022-09-01,mortgage,car,49,44326.58,0.1156,0.5358,1,11865.95,0.0836,2,0.26769378553454837,0,0.37015437476065255,0.30387672059602017,logistic_regression,0.37015437476065255,0.07652944092292815
C001689,2022-09-01,rent,car,26,35969.83,0.1769,0.5013,1,20415.74,0.1367,5,0.5675795520857341,0,0.5017736691816986,0.6330445099670002,logistic_regression,0.5017736691816986,0.11281706700561013
C001692,2022-06-01,own,debt_consolidation,40,54365.62,0.1193,0.7379,0,25756.55,0.0924,4,0.4737654054161435,0,0.4393157438672221,0.5511971175439737,logistic_regression,0.4393157438672221,0.09433354946324958
C001700,2022-10-01,mortgage,other,21,74470.62,0.3249,0.1507,0,14231.63,0.0482,8,0.19110395482137787,0,0.1705214257266713,0.13793201775631855,logistic_regression,0.1705214257266713,0.03470913832447479
C001705,2022-08-01,own,medical,34,59463.23,0.158,0.3608,0,20035.0,0.0736,5,0.33693090671327475,0,0.2273638926371471,0.2596403129443731,logistic_regression,0.2273638926371471,0.04563780653749736
C001706,2022-04-01,own,car,54,52519.48,0.5912,0.5449,1,2911.06,0.1088,15,0.05542819540482883,0,0.5234192425809984,0.5060388410454301,logistic_regression,0.5234192425809984,0.11989724386187303
C001707,2022-12-01,rent,small_business,42,34989.62,0.1619,0.6203,1,10786.49,0.1366,6,0.3082768546786161,0,0.6335438821081464,0.6592018141312602,logistic_regression,0.6335438821081464,0.163454365009326
C001708,2022-07-01,mortgage,home_improvement,29,68886.1,0.5679,0.7003,1,5957.95,0.1203,6,0.08648987241257669,1,0.5337549637069963,0.6292686786790136,logistic_regression,0.5337549637069963,0.12342045595507319
C001713,2022-05-01,mortgage,debt_consolidation,50,43003.19,0.2394,0.5019,1,27216.45,0.0973,8,0.6328937457895565,0,0.43670512575059023,0.47545799053382437,logistic_regression,0.43670512575059023,0.09361575357711725
C001716,2022-05-01,mortgage,debt_consolidation,23,93810.1,0.0467,0.1141,0,28556.94,0.0719,4,0.30441221147829495,0,0.10400313067835956,0.21460244471572756,logistic_regression,0.10400313067835956,0.02231817233471028
C001727,2022-09-01,mortgage,medical,39,62416.52,0.2973,0.6292,2,10069.9,0.0812,12,0.16133389045079732,1,0.42812853652226684,0.4270366824858294,logistic_regression,0.42812853652226684,0.09128512692874662
C001732,2022-07-01,mortgage,medical,42,97331.99,0.3222,0.1644,0,15944.96,0.0434,9,0.16382034313692753,0,0.13909586648465727,0.16916308895720444,logistic_regression,0.13909586648465727,0.028834954828438415
C001734,2022-04-01,mortgage,debt_consolidation,29,89620.77,0.249,0.4148,0,22815.18,0.035,4,0.2545746928976397,0,0.29337786631101825,0.281291217143679,logistic_regression,0.29337786631101825,0.05915150325595813
C001735,2022-04-01,own,debt_consolidation,51,28000.0,0.4082,0.3559,1,9237.71,0.0481,10,0.3299182142857143,0,0.49271542834321763,0.3959520134192329,logistic_regression,0.49271542834321763,0.10996610955067912
C001746,2022-11-01,own,debt_consolidation,47,28000.0,0.1743,0.2838,0,34230.99,0.0548,7,1.222535357142857,0,0.3109708246270491,0.35534612055714865,logistic_regression,0.3109708246270491,0.06295303328500518
C001747,2022-12-01,mortgage,medical,44,31713.95,0.2037,0.3636,0,29480.6,0.0674,4,0.9295783085992125,0,0.3090120830888138,0.3811488368190523,logistic_regression,0.3090120830888138,0.06252498697372848
C001749,2022-01-01,mortgage,medical,52,28000.0,0.2963,0.7971,0,24905.6,0.1225,6,0.8894857142857142,1,0.491028618607992,0.6145373081873117,logistic_regression,0.491028618607992,0.10944212564942493
C001751,2022-08-01,own,debt_consolidation,41,30441.33,0.2624,0.3806,0,17712.81,0.0499,8,0.5818671523221883,0,0.3681490981863905,0.3889983575313234,logistic_regression,0.3681490981863905,0.07604709540836851
C001752,2022-06-01,rent,debt_consolidation,21,119130.23,0.5321,0.318,0,21406.29,0.0664,4,0.17968814464640925,0,0.4245776376871108,0.3323328436049357,logistic_regression,0.4245776376871108,0.09033227488527745
C001766,2022-09-01,rent,car,41,42298.85,0.2796,0.2324,0,9461.09,0.0628,3,0.2236725111912026,0,0.40833932423607044,0.3378311015572065,logistic_regression,0.40833932423607044,0.08606119676992088
C001784,2022-10-01,own,debt_consolidation,48,47142.5,0.4571,0.3758,0,13493.06,0.0813,2,0.2862185925650952,0,0.44946304938927806,0.43807598869104947,logistic_regression,0.44946304938927806,0.09716195756757132
C001792,2022-05-01,mortgage,other,40,78622.2,0.2689,0.7986,0,14314.95,0.0677,1,0.1820726207101811,0,0.4335022981081464,0.2989453435410527,logistic_regression,0.4335022981081464,0.09274051415569952
C001797,2022-11-01,rent,other,26,28000.0,0.2528,0.3598,1,15331.59,0.0995,10,0.5475567857142857,0,0.43680901375353615,0.47403752849950637,logistic_regression,0.43680901375353615,0.0936442421270968
C001810,2022-10-01,mortgage,debt_consolidation,49,32294.12,0.3187,0.2829,0,7830.45,0.0881,0,0.24247293315315605,0,0.3070176102573038,0.3989742725694284,logistic_regression,0.3070176102573038,0.062090395395748
C001815,2022-06-01,rent,debt_consolidation,41,73695.22,0.3322,0.3954,1,16127.62,0.1027,4,0.2188421447144062,1,0.47741056960165174,0.34694270427322804,logistic_regression,0.47741056960165174,0.10528834262249065
C001824,2022-05-01,mortgage,car,36,55969.38,0.1431,0.7157,1,21243.96,0.1149,3,0.3795639687271862,0,0.4520277922627892,0.6273310453356306,logistic_regression,0.4520277922627892,0.09788673834867559
C001826,2022-07-01,mortgage,other,26,52151.15,0.2363,0.5039,0,14754.09,0.0721,1,0.2829101563436281,1,0.3299633982408359,0.3209444051051384,logistic_regression,0.3299633982408359,0.06716970222630361
C001828,2022-12-01,rent,debt_consolidation,58,69195.79,0.4794,0.5549,0,4703.14,0.0939,15,0.067968585950099,0,0.47149677634717796,0.4364372432247964,logistic_regression,0.47149677634717796,0.1035254847957299
C001830,2022-11-01,mortgage,home_improvement,34,93587.23,0.2063,0.7896,1,22920.97,0.0931,9,0.24491557234891984,0,0.3958312261375762,0.45144931833735313,logistic_regression,0.3958312261375762,0.08286324074206201
C001832,2022-10-01,mortgage,medical,35,36897.85,0.2947,0.4777,1,19995.29,0.0917,2,0.5419093524419445,0,0.43755513430114307,0.5015165463501678,logistic_regression,0.43755513430114307,0.09384902993251962
C001837,2022-09-01,mortgage,other,47,72211.59,0.2408,0.6879,2,11271.37,0.0709,12,0.15608810164684092,0,0.42749101495951614,0.36861531401554,logistic_regression,0.42749101495951614,0.09111354004189456
C001843,2022-01-01,mortgage,home_improvement,37,80335.55,0.2372,0.1675,0,8917.28,0.0384,9,0.11100042260244687,0,0.12973628882649818,0.13833627380620162,logistic_regression,0.12973628882649818,0.02709659016487233
C001844,2022-03-01,own,debt_consolidation,43,56879.64,0.2198,0.6531,0,16610.14,0.0721,9,0.292022593673237,0,0.39620878466287435,0.44420374918129324,logistic_regression,0.39620878466287435,0.08295864946083863
C001856,2022-04-01,own,car,50,37258.29,0.1952,0.6003,1,49853.06,0.0798,8,1.3380394000905569,0,0.6212033583343423,0.49105223884338234,logistic_regression,0.6212033583343423,0.1577969681501451
C001863,2022-03-01,mortgage,other,42,47303.19,0.688,0.6477,0,41900.03,0.107,9,0.8857759910061034,0,0.7417884228478416,0.6590327251561309,logistic_regression,0.7417884228478416,0.22634551498648017
C001865,2022-03-01,rent,small_business,42,58902.83,0.4718,0.1727,1,15287.35,0.1039,12,0.2595350681792369,0,0.5670013283258166,0.4988755425314719,logistic_regression,0.5670013283258166,0.13545158891890774
C001874,2022-09-01,rent,debt_consolidation,71,28000.0,0.5225,0.5507,0,75241.76,0.1592,8,2.687205714285714,1,0.7578536846630071,0.6910114811731635,logistic_regression,0.7578536846630071,0.23849150281618933
C001878,2022-06-01,rent,home_improvement,39,45187.71,0.2693,0.3241,0,13048.83,0.061,13,0.28876944638265584,0,0.36767866633793533,0.3626545466155656,logistic_regression,0.36767866633793533,0.07593418581586439
C001884,2022-03-01,rent,debt_consolidation,21,61116.75,0.2387,0.6268,1,16098.45,0.1186,2,0.26340487673182883,0,0.5606210629638876,0.6182437447989492,logistic_regression,0.5606210629638876,0.13305462067956514
C001893,2022-05-01,mortgage,car,38,47366.19,0.2876,0.5959,0,19146.46,0.0776,6,0.40422208330456805,0,0.4467654574751214,0.44110992523822323,logistic_regression,0.4467654574751214,0.09640399351564119
C001896,2022-04-01,rent,debt_consolidation,50,61322.64,0.4096,0.58,1,13113.78,0.1049,4,0.21384891452814167,1,0.6433366877790239,0.4334807697436825,logistic_regression,0.6433366877790239,0.16811826097193427
C001898,2022-05-01,mortgage,debt_consolidation,33,42308.19,0.1945,0.2517,0,21474.72,0.0916,5,0.5075783199423091,0,0.22555989503389265,0.35052250729893586,logistic_regression,0.22555989503389265,0.04528258094215146
C001910,2022-09-01,rent,debt_consolidation,30,46791.31,0.2508,0.5617,0,32299.97,0.0956,6,0.6902984763623844,1,0.5881577558873282,0.5224223265028602,logistic_regression,0.5881577558873282,0.14372967698575692
C001912,2022-06-01,mortgage,car,34,32498.29,0.3272,0.3797,0,29861.39,0.0794,12,0.9188603461905226,0,0.3735143364341061,0.43915634961877414,logistic_regression,0.3735143364341061,0.07734150056820116
C001923,2022-02-01,rent,home_improvement,36,41906.29,0.2261,0.0538,0,16542.5,0.0422,10,0.39474980963478273,0,0.27559939996987326,0.26763423207947756,logistic_regression,0.27559939996987326,0.05540297900922954
C001930,2022-10-01,own,debt_consolidation,21,68103.41,0.3972,0.2816,0,57185.31,0.0718,9,0.8396835048347798,1,0.5328376927394203,0.32499969700681874,logistic_regression,0.5328376927394203,0.1231038585343619
C001933,2022-03-01,rent,small_business,33,138908.2,0.3332,0.4822,1,73773.91,0.1441,3,0.5310983080912429,0,0.7947148332720114,0.6165923252582417,logistic_regression,0.7947148332720114,0.270528854088864
C001934,2022-10-01,mortgage,debt_consolidation,23,63770.51,0.5068,0.4741,0,6203.78,0.0714,7,0.0972828976904842,0,0.38667415600503197,0.2857815346341429,logistic_regression,0.38667415600503197,0.08056995410560437
C001939,2022-10-01,rent,small_business,46,85291.13,0.454,0.2978,0,5491.39,0.0891,8,0.0643840690116311,0,0.4480693409683135,0.32143397574062155,logistic_regression,0.4480693409683135,0.09676980152350478
C001943,2022-05-01,own,car,21,67744.7,0.0301,0.4982,0,7985.18,0.0621,10,0.11787165638049915,0,0.17421507892448737,0.23623429834824633,logistic_regression,0.17421507892448737,0.035405382252325736
C001948,2022-08-01,rent,debt_consolidation,28,87669.63,0.2769,0.3076,0,22823.63,0.0609,4,0.260336789376207,0,0.37372857482743066,0.3029357992327286,logistic_regression,0.37372857482743066,0.07739344462815795
C001951,2022-07-01,rent,debt_consolidation,39,180929.8,0.2399,0.5492,0,10301.15,0.0549,8,0.05693451272261397,0,0.1405673419431969,0.2826627074375398,logistic_regression,0.1405673419431969,0.0291085391366625
C001955,2022-11-01,rent,debt_consolidation,37,38900.11,0.3455,0.4739,0,38461.98,0.1124,7,0.9887370498438179,1,0.6086025676100337,0.5975065840519621,logistic_regression,0.6086025676100337,0.1522560647467701
C001961,2022-03-01,own,debt_consolidation,32,51377.56,0.2154,0.536,1,22279.62,0.0757,6,0.4336449609518241,0,0.45935092745003653,0.48956878427828154,logistic_regression,0.45935092745003653,0.09997888654096555
C001962,2022-12-01,rent,debt_consolidation,41,28118.18,0.4114,0.4267,1,25086.13,0.1225,4,0.8921676296260996,1,0.6425370439488461,0.6157590176994664,logistic_regression,0.6425370439488461,0.16773137695705764
C001964,2022-02-01,own,debt_consolidation,21,28612.2,0.5628,0.2323,0,16591.17,0.0592,7,0.5798634848071801,1,0.46801358962995765,0.4028515128079861,logistic_regression,0.46801358962995765,0.10249836387869614
C001965,2022-02-01,rent,car,54,35704.82,0.1639,0.8503,0,53367.0,0.1021,5,1.494672147906081,0,0.7666900218155978,0.5726318938286483,logistic_regression,0.7666900218155978,0.24560296632291145
C001969,2022-03-01,rent,debt_consolidation,36,142626.4,0.3097,0.5287,0,9865.92,0.0703,10,0.06917316850176405,0,0.21778323377170442,0.29323821047928056,logistic_regression,0.21778323377170442,0.04375846860436566
C001971,2022-02-01,mortgage,debt_consolidation,52,52139.81,0.2373,0.6455,2,18571.1,0.1102,14,0.35617889670100444,0,0.46756222844326756,0.4738987214689346,logistic_regression,0.46756222844326756,0.10236586445062572
C001972,2022-08-01,rent,car,41,51837.2,0.4704,0.2418,0,12488.42,0.0744,8,0.24091617602802623,0,0.4802741675548025,0.33886179111592724,logistic_regression,0.4802741675548025,0.10615072226384736
C001977,2022-08-01,other,home_improvement,22,51425.27,0.3656,0.2512,0,18956.42,0.088,7,0.3686207189578197,0,0.24059527284878326,0.37738473658753374,logistic_regression,0.24059527284878326,0.048263520104650924
C001987,2022-02-01,rent,car,44,47267.79,0.3753,0.5175,0,37231.27,0.1061,7,0.7876668234330396,1,0.6680714513864667,0.5392025987864325,logistic_regression,0.6680714513864667,0.18065730789420004
C001990,2022-08-01,mortgage,debt_consolidation,47,40040.92,0.2641,0.3084,0,16679.86,0.0522,5,0.4165703485334503,0,0.31570239503967795,0.3165932422033294,logistic_regression,0.31570239503967795,0.0639921738418537
C001998,2022-12-01,own,debt_consolidation,27,32039.2,0.2923,0.3416,1,35905.51,0.0642,7,1.120674361407276,0,0.48225238318335845,0.4860457727286336,logistic_regression,0.48225238318335845,0.10674986339735545
C002001,2022-05-01,rent,debt_consolidation,43,38648.79,0.2505,0.7037,0,10854.91,0.0921,15,0.2808602804900231,0,0.5229015072353433,0.5148573898799377,logistic_regression,0.5229015072353433,0.11972326719353978
C002014,2022-08-01,mortgage,debt_consolidation,40,118613.34,0.5061,0.1856,0,18396.48,0.0658,12,0.15509621430439444,0,0.1747249103944326,0.2557777335165363,logistic_regression,0.1747249103944326,0.03550160446510074
C002028,2022-10-01,mortgage,car,48,94882.79,0.1111,0.6749,0,20744.3,0.0674,7,0.21863079700755006,0,0.2755093761533999,0.2742292343461736,logistic_regression,0.2755093761533999,0.055384221512356016
C002035,2022-12-01,other,debt_consolidation,40,50557.74,0.0554,0.4071,0,35963.19,0.0787,14,0.7113290665286859,0,0.21235392335498895,0.37740871016178745,logistic_regression,0.21235392335498895,0.042701056296514384
C002036,2022-03-01,mortgage,other,38,43249.48,0.1909,0.4406,0,12381.09,0.0743,4,0.2862714187546301,0,0.2696194020355726,0.28795683203769157,logistic_regression,0.2696194020355726,0.054161667805263776
C002039,2022-12-01,own,car,39,47165.53,0.3997,0.4628,1,27074.17,0.0785,9,0.57402450476015,0,0.5701668578145733,0.5405240092933447,logistic_regression,0.5701668578145733,0.13665738524832383
C002042,2022-06-01,mortgage,debt_consolidation,26,37001.94,0.2989,0.2125,0,23158.79,0.0907,5,0.6258804268100537,0,0.27002691114417665,0.37678213826236984,logistic_regression,0.27002691114417665,0.05424595809133444
C002046,2022-12-01,rent,debt_consolidation,28,56589.22,0.1348,0.0838,0,42733.69,0.0667,8,0.7551560173474736,0,0.33243135726493345,0.29851206052375834,logistic_regression,0.33243135726493345,0.0677267801795658
C002054,2022-09-01,mortgage,debt_consolidation,32,35337.09,0.41,0.1907,0,64763.37,0.1035,0,1.8327307087255915,0,0.500282539058727,0.44903456205266357,logistic_regression,0.500282539058727,0.11234338330301398
C002061,2022-06-01,rent,other,46,50097.99,0.2076,0.2319,1,22143.87,0.0599,12,0.4420111465549815,0,0.38691353451622174,0.3848199948494827,logistic_regression,0.38691353451622174,0.08062940483180298
C002068,2022-07-01,mortgage,debt_consolidation,30,49922.8,0.6678,0.2348,0,12260.37,0.0611,0,0.24558658568830274,0,0.505441170553862,0.43778239080074316,logistic_regression,0.505441170553862,0.11398959550044344
C002081,2022-02-01,rent,debt_consolidation,35,54965.53,0.1045,0.1774,0,32379.93,0.0883,4,0.5890952020293446,0,0.3098426383388194,0.4018544025453869,logistic_regression,0.3098426383388194,0.06270633846764545
C002091,2022-06-01,own,small_business,28,54031.12,0.1467,0.2149,0,27337.69,0.0735,10,0.5059619345295822,0,0.3084348052403404,0.3022426686321606,logistic_regression,0.3084348052403404,0.06239906878669917
C002093,2022-01-01,mortgage,other,26,164150.88,0.1956,0.4653,0,49323.81,0.0561,8,0.30047849880548916,0,0.20007494990764368,0.2542699675741759,logistic_regression,0.20007494990764368,0.04032838382696575
C002097,2022-09-01,mortgage,home_improvement,21,56970.92,0.2604,0.2351,0,22740.43,0.044,8,0.39915855317063514,1,0.250912072486481,0.26069086410761333,logistic_regression,0.250912072486481,0.05033716332296382
C002098,2022-04-01,rent,car,27,42838.71,0.1838,0.1222,1,15243.21,0.0873,4,0.35582794159768116,0,0.3453885058329224,0.3536339942783203,logistic_regression,0.3453885058329224,0.07068798152826247
C002101,2022-07-01,mortgage,debt_consolidation,21,90379.28,0.0487,0.0851,0,26536.45,0.035,15,0.2936120978171103,0,0.08813492134505628,0.16464658741413826,logistic_regression,0.08813492134505628,0.019353522748457166
C002105,2022-05-01,rent,medical,49,74577.19,0.1911,0.174,2,13899.86,0.0833,3,0.18638219005033577,0,0.32641405699767084,0.23331421458604773,logistic_regression,0.32641405699767084,0.06637231106641735
C002113,2022-07-01,mortgage,other,47,47251.18,0.3846,0.3901,0,14483.58,0.0721,9,0.30652313868140435,0,0.3331433665012216,0.41667016044198635,logistic_regression,0.3331433665012216,0.06788790296933263
C002114,2022-07-01,rent,debt_consolidation,24,28000.0,0.1403,0.2007,0,7095.05,0.075,8,0.25339464285714286,0,0.2689357981207787,0.31525436911336785,logistic_regression,0.2689357981207787,0.05402036641337517
C002117,2022-10-01,mortgage,car,42,100917.03,0.3348,0.3703,0,6374.23,0.0807,8,0.06316307564739072,0,0.16394529143979192,0.2080089490669934,logistic_regression,0.16394529143979192,0.03347312501809406
C002122,2022-10-01,other,debt_consolidation,40,33027.21,0.2222,0.6058,1,23649.77,0.0749,7,0.7160692653118444,1,0.46704558128219126,0.5462754690373786,logistic_regression,0.46704558128219126,0.10221436715726805
C002132,2022-11-01,mortgage,car,21,113963.62,0.4964,0.4436,1,12370.92,0.0919,8,0.10855148335933872,1,0.30038447422417375,0.31116734638988297,logistic_regression,0.30038447422417375,0.06065405734337697
C002142,2022-05-01,mortgage,home_improvement,55,55450.73,0.1247,0.3767,0,12587.22,0.039,7,0.2269982739632102,0,0.22082656321529798,0.15161453867834832,logistic_regression,0.22082656321529798,0.04435354967466141
C002143,2022-10-01,rent,other,21,58408.81,0.3466,0.4833,1,15482.13,0.093,10,0.26506497906737014,0,0.5134806453454206,0.39943516735145207,logistic_regression,0.5134806453454206,0.11659791701690071
C002148,2022-09-01,mortgage,medical,35,56208.34,0.5155,0.3584,0,8111.93,0.0585,2,0.1443189747286613,0,0.3852093136723781,0.36523983037695035,logistic_regression,0.3852093136723781,0.08020672811599616
C002149,2022-03-01,mortgage,medical,46,47415.7,0.3665,0.3709,1,19360.78,0.095,12,0.40832002901992376,0,0.34578804260621987,0.47194303163205925,logistic_regression,0.34578804260621987,0.0707802887761116
C002150,2022-04-01,rent,debt_consolidation,48,54871.38,0.253,0.2292,1,11108.83,0.0902,4,0.20245217087669384,0,0.38243457935217706,0.3024987990364019,logistic_regression,0.38243457935217706,0.07952138534438437
C002153,2022-04-01,rent,home_improvement,51,46054.98,0.4316,0.4906,0,21193.85,0.1287,11,0.4601858474371283,1,0.532880995629754,0.6527378466139026,logistic_regression,0.532880995629754,0.12311878713834448
C002159,2022-01-01,mortgage,debt_consolidation,37,87563.99,0.1589,0.1176,0,26073.35,0.0808,16,0.29776338424048515,0,0.10074509601236119,0.22921800363980188,logistic_regression,0.10074509601236119,0.0217113761023942
C002161,2022-01-01,own,debt_consolidation,26,93979.09,0.3054,0.2365,0,19634.55,0.0355,4,0.20892466611455804,0,0.23854823895555902,0.21238820212085985,logistic_regression,0.23854823895555902,0.04785488341536099
C002164,2022-07-01,own,car,33,52766.83,0.3069,0.5492,1,12821.27,0.1005,3,0.24297972798441747,0,0.47473362291461957,0.4280617804270345,logistic_regression,0.47473362291461957,0.10448737052582524
C002165,2022-10-01,rent,other,39,31345.43,0.4026,0.4309,1,14713.59,0.1299,1,0.46940144065658057,0,0.596661426174829,0.6255498710934931,logistic_regression,0.596661426174829,0.1472096427874109
C002166,2022-08-01,mortgage,debt_consolidation,60,76778.0,0.3254,0.5627,1,29989.75,0.0998,9,0.3906034280653312,0,0.4670719008563515,0.5087206833692494,logistic_regression,0.4670719008563515,0.10222208058172891
C002168,2022-03-01,own,home_improvement,31,115439.05,0.3711,0.1957,0,10204.93,0.059,16,0.08840102201118252,0,0.10591251098375176,0.16669078323031997,logistic_regression,0.10591251098375176,0.02267345703071542
C002169,2022-09-01,own,debt_consolidation,32,101374.89,0.2037,0.2144,0,23881.84,0.0505,19,0.2355794418124646,0,0.12735886521381382,0.23168579731731825,logistic_regression,0.12735886521381382,0.026655372438617993
C002170,2022-11-01,rent,debt_consolidation,56,136688.87,0.3493,0.3924,1,13473.38,0.0626,7,0.0985696933481124,1,0.30582868041780137,0.27774969957450085,logistic_regression,0.30582868041780137,0.06183193120878926
C002173,2022-12-01,rent,debt_consolidation,68,30538.93,0.1486,0.2402,0,9369.55,0.0881,4,0.3068067545261081,0,0.3168653779158608,0.31173954912761476,logistic_regression,0.3168653779158608,0.06424871488216588
C002196,2022-01-01,mortgage,car,31,48429.83,0.3022,0.1729,3,20573.56,0.0874,13,0.4248117327688328,1,0.3939517657989241,0.40464604217638733,logistic_regression,0.3939517657989241,0.08238931939795978
C002198,2022-04-01,mortgage,car,38,71487.32,0.3668,0.5676,1,45473.62,0.1182,0,0.6361074943080814,1,0.6507327913765957,0.5972256235988652,logistic_regression,0.6507327913765957,0.17174949552296656
C002208,2022-03-01,mortgage,small_business,33,78351.8,0.2567,0.4653,0,11234.62,0.035,10,0.14338687815723442,0,0.3661492344059278,0.17298081581516114,logistic_regression,0.3661492344059278,0.0755677480994717
C002218,2022-12-01,rent,medical,30,45020.36,0.2594,0.3669,0,10190.29,0.1158,2,0.22634847877715772,1,0.3480209473806649,0.5002290631091484,logistic_regression,0.3480209473806649,0.0712972954826195
C002221,2022-09-01,rent,medical,52,40192.9,0.1663,0.613,0,6596.12,0.0572,11,0.16411157194429862,0,0.4343229946163721,0.4367851540555382,logistic_regression,0.4343229946163721,0.0929642253970123
C002227,2022-05-01,rent,debt_consolidation,44,56846.87,0.2786,0.4576,1,10357.59,0.083,9,0.18220158823168275,0,0.48332422065244024,0.37479305583238665,logistic_regression,0.48332422065244024,0.10707566053257901
C002228,2022-08-01,rent,car,40,209915.48,0.2991,0.5859,1,39612.97,0.055,7,0.18870914141253423,0,0.3450862857193862,0.4531899749255126,logistic_regression,0.3450862857193862,0.07061819834495303
C002230,2022-11-01,rent,debt_consolidation,53,44378.0,0.3061,0.7845,1,6813.77,0.124,12,0.1535393663526973,0,0.6232428649747613,0.6400800220064556,logistic_regression,0.6232428649747613,0.15871573320741336
C002233,2022-09-01,mortgage,home_improvement,28,30767.84,0.2155,0.6664,4,13401.31,0.1465,6,0.4355622624142611,0,0.6087331417249323,0.6244312813526591,logistic_regression,0.6087331417249323,0.15231231913539672
C002240,2022-06-01,mortgage,debt_consolidation,30,28000.0,0.2906,0.9211,1,20542.04,0.1216,2,0.7336442857142857,0,0.6652980856732738,0.62346817943183,logistic_regression,0.6652980856732738,0.17919345562392286
C002246,2022-02-01,own,debt_consolidation,41,91040.54,0.1611,0.7739,3,15297.7,0.1226,10,0.16803173619137146,0,0.4553948439928795,0.5163523599198658,logistic_regression,0.4553948439928795,0.09884446244056352
C002260,2022-12-01,mortgage,home_improvement,44,64059.59,0.2061,0.5331,1,7227.04,0.0876,6,0.11281745637148162,0,0.2902047503625473,0.2696411901125539,logistic_regression,0.2902047503625473,0.05847584806235755
C002262,2022-12-01,rent,home_improvement,34,51891.38,0.1526,0.5776,1,19241.25,0.1092,6,0.37079857964848884,0,0.49660439925943906,0.5277183000643847,logistic_regression,0.49660439925943906,0.1111823691617628
C002270,2022-11-01,rent,debt_consolidation,56,83094.06,0.252,0.5452,0,17304.99,0.0813,5,0.20825784658975627,0,0.4372453108071275,0.2617576566343922,logistic_regression,0.4372453108071275,0.09376395341103395
C002286,2022-02-01,mortgage,other,35,59228.31,0.2627,0.27,0,21149.68,0.0914,2,0.3570873455616073,0,0.235816796907071,0.3899699032985217,logistic_regression,0.235816796907071,0.04731102405490864
C002287,2022-07-01,rent,other,63,32905.35,0.3811,0.7789,5,64396.22,0.2196,7,1.9570136771072182,1,0.9158812581261897,0.7418039824468798,logistic_regression,0.9158812581261897,0.45761665598275236
C002288,2022-02-01,rent,car,21,58030.54,0.1836,0.5756,0,42572.89,0.0766,7,0.7336290511858067,1,0.6232603115567482,0.475623868219834,logistic_regression,0.6232603115567482,0.15872361975879426
C002289,2022-09-01,mortgage,debt_consolidation,34,53627.3,0.2756,0.7243,0,43184.42,0.0448,11,0.8052693311056122,0,0.6199559492484696,0.5068625610386833,logistic_regression,0.6199559492484696,0.1572381113257548
C002296,2022-01-01,mortgage,small_business,37,94551.18,0.3332,0.2927,0,9453.64,0.0943,7,0.09998436825431475,0,0.23097381073565817,0.23289180101629492,logistic_regression,0.23097381073565817,0.04635058648496308
C002300,2022-06-01,mortgage,other,41,85456.89,0.1372,0.7515,1,23233.85,0.0948,10,0.271878019431786,0,0.3436593959952684,0.45951088152661324,logistic_regression,0.3436593959952684,0.07028919581778871
C002304,2022-05-01,own,debt_consolidation,21,69581.43,0.2622,0.2794,0,6364.61,0.0738,1,0.09146995110620751,0,0.20532598826404266,0.22638103450624175,logistic_regression,0.20532598826404266,0.04133997477829798
C002305,2022-07-01,rent,debt_consolidation,48,50644.17,0.248,0.4338,1,19234.13,0.0808,11,0.37978961842992,0,0.5086860310875352,0.43613778467951997,logistic_regression,0.5086860310875352,0.1150359960690757
C002319,2022-04-01,rent,car,51,86338.39,0.4165,0.2422,0,20717.93,0.0788,6,0.23996196825073993,1,0.40788271221647127,0.2827141196637553,logistic_regression,0.40788271221647127,0.08594308225353064
C002326,2022-02-01,mortgage,debt_consolidation,21,96976.72,0.0457,0.4095,1,12866.7,0.0438,8,0.13267823452886426,0,0.15651670959476208,0.14496750787995843,logistic_regression,0.15651670959476208,0.03208181416987404
C002332,2022-04-01,rent,debt_consolidation,24,75366.77,0.1979,0.5454,0,29063.16,0.101,3,0.38562300069380706,0,0.4777768462997963,0.47745473687928064,logistic_regression,0.4777768462997963,0.10539832569435514
C002334,2022-02-01,rent,home_improvement,38,28000.0,0.2609,0.5114,0,12249.8,0.108,9,0.43749285714285713,1,0.4536355481651509,0.4441092771979319,logistic_regression,0.4536355481651509,0.09834316241084365
C002338,2022-02-01,rent,car,41,42519.65,0.3411,0.1868,0,11364.84,0.05,11,0.26728442026216115,0,0.3962897762905295,0.34922330369022364,logistic_regression,0.3962897762905295,0.08297912490909512
C002363,2022-10-01,own,small_business,32,63090.22,0.2547,0.2875,0,19016.27,0.0581,13,0.3014139116966148,0,0.3442286707603768,0.2826075535669589,logistic_regression,0.3442286707603768,0.07042036269251284
C002372,2022-02-01,mortgage,debt_consolidation,36,56649.59,0.2791,0.7394,1,34265.19,0.1025,7,0.6048621005024044,0,0.60235946234678,0.6078744480834818,logistic_regression,0.60235946234678,0.14959376621520964
C002376,2022-12-01,own,car,31,31426.07,0.4623,0.1901,0,8312.63,0.0647,8,0.26451382562312115,0,0.35951449606203634,0.3809631037159321,logistic_regression,0.35951449606203634,0.07398940463350329
C002377,2022-04-01,mortgage,car,54,38936.04,0.5155,0.2623,0,14451.46,0.0884,10,0.3711589570999002,0,0.3811004228805228,0.4083239799077367,logistic_regression,0.3811004228805228,0.07919309843987259
C002379,2022-12-01,mortgage,other,46,54013.39,0.0872,0.7931,0,11491.41,0.0778,8,0.2127511344872077,0,0.3180235229740838,0.31847287303122485,logistic_regression,0.3180235229740838,0.0645046363596096
C002383,2022-08-01,rent,debt_consolidation,52,30011.04,0.3989,0.6516,0,17048.63,0.092,13,0.5680786137368116,0,0.6430720954674339,0.4991168848503681,logistic_regression,0.6430720954674339,0.16799012436774932
C002386,2022-05-01,rent,debt_consolidation,21,83299.35,0.1287,0.2566,0,15840.87,0.0571,5,0.19016799050652855,0,0.2351382789951703,0.18784146035831376,logistic_regression,0.2351382789951703,0.04717616923606589
C002387,2022-10-01,mortgage,home_improvement,26,46520.58,0.3489,0.1242,0,67072.14,0.0835,0,1.4417735118521737,0,0.4837607489074296,0.3454228722038722,logistic_regression,0.4837607489074296,0.10720858526172762
C002388,2022-11-01,other,home_improvement,29,52255.8,0.3966,0.2862,0,8996.01,0.0919,11,0.17215333034801877,0,0.20746817855089153,0.2997717882444869,logistic_regression,0.20746817855089153,0.04175395652322138
C002389,2022-10-01,rent,debt_consolidation,21,46927.4,0.1944,0.1605,0,41127.26,0.0834,8,0.8764018462561318,0,0.3827426872294004,0.3901979595549777,logistic_regression,0.3827426872294004,0.07959731356533212
C002390,2022-05-01,rent,debt_consolidation,30,30318.9,0.0876,0.7309,1,36873.19,0.1266,6,1.2161783573942326,1,0.6098659830071461,0.7151238461994468,logistic_regression,0.6098659830071461,0.152801372894876
C002397,2022-09-01,mortgage,debt_consolidation,21,28000.0,0.2481,0.5352,3,7106.07,0.1162,1,0.2537882142857143,0,0.5573294732259535,0.49151513159381166,logistic_regression,0.5573294732259535,0.13183506558653796
C002406,2022-02-01,mortgage,car,36,49415.33,0.1611,0.1443,1,26706.88,0.0707,9,0.5404573843784914,0,0.24446536730145021,0.3141347126384884,logistic_regression,0.24446536730145021,0.04903859014427231
C002413,2022-08-01,own,home_improvement,32,40324.03,0.6373,0.3758,0,20484.88,0.0659,2,0.5080067642048675,1,0.6144003933593748,0.46914487249907416,logistic_regression,0.6144003933593748,0.15477704795150748
C002424,2022-02-01,mortgage,debt_consolidation,39,33140.33,0.308,0.1404,0,24749.02,0.0546,9,0.7467946155032252,0,0.2695517479851396,0.33946188038088676,logistic_regression,0.2695517479851396,0.054147678247833016
C002439,2022-03-01,rent,other,43,70474.27,0.4509,0.3881,0,6251.61,0.0819,5,0.088707694311697,0,0.4209240033834029,0.3472098892985581,logistic_regression,0.4209240033834029,0.08935906191976703
C002446,2022-06-01,mortgage,debt_consolidation,22,64693.37,0.4927,0.7638,1,18396.97,0.1739,0,0.2843717988412105,0,0.5913572785573661,0.6596291831048633,logistic_regression,0.5913572785573661,0.14502827820340003
C002451,2022-03-01,mortgage,car,45,53808.68,0.1244,0.3528,0,20375.44,0.035,4,0.3786645574654498,0,0.2862580836507716,0.2088888773309001,logistic_regression,0.2862580836507716,0.05763956619855895
C002452,2022-06-01,mortgage,car,52,55905.4,0.3386,0.3195,0,9634.5,0.0457,6,0.17233576720674568,0,0.3134118468360197,0.2728958618779896,logistic_regression,0.3134118468360197,0.06348821180040178
C002455,2022-02-01,rent,car,21,31383.61,0.1088,0.2101,0,28641.08,0.035,17,0.912612666293011,0,0.31342151563582044,0.39958666591309827,logistic_regression,0.31342151563582044,0.06349033548702593
C002457,2022-03-01,mortgage,other,38,92436.64,0.3263,0.3189,0,31646.26,0.0496,7,0.3423562344974893,0,0.28817162495733617,0.3634316772546652,logistic_regression,0.28817162495733617,0.058044476801886166
C002458,2022-09-01,own,debt_consolidation,40,67001.56,0.4688,0.7252,1,16311.11,0.125,4,0.24344373474289258,1,0.6046136704604428,0.698775288968553,logistic_regression,0.6046136704604428,0.15054890940380877
C002471,2022-06-01,mortgage,home_improvement,21,28000.0,0.1337,0.1602,0,13332.13,0.071,9,0.47614749999999995,0,0.14981073858656885,0.19333454486153048,logistic_regression,0.14981073858656885,0.030829684050176397
C002482,2022-04-01,mortgage,debt_consolidation,42,101277.97,0.4636,0.3785,2,14421.07,0.081,8,0.14239098591727303,0,0.3745186420468255,0.34595325511473746,logistic_regression,0.3745186420468255,0.07758517617859072
C002493,2022-08-01,other,debt_consolidation,46,52078.03,0.4622,0.206,0,10523.27,0.0777,6,0.20206735930679406,0,0.2675892954514422,0.28341169781723907,logistic_regression,0.2675892954514422,0.05374239758340035
C002497,2022-01-01,mortgage,debt_consolidation,35,31384.9,0.2256,0.5285,2,11960.56,0.06,4,0.38109281852100846,1,0.5328403757932739,0.33797510530080743,logistic_regression,0.5328403757932739,0.12310478346281864
C002498,2022-06-01,rent,car,30,35953.82,0.2677,0.2143,0,19014.29,0.0935,2,0.528853123256444,0,0.4077393818002893,0.45926239712397776,logistic_regression,0.4077393818002893,0.08590602796227809
C002500,2022-08-01,rent,debt_consolidation,59,54533.29,0.271,0.4008,0,8812.22,0.0955,7,0.16159340468913574,0,0.3785120817383148,0.36034708006467636,logistic_regression,0.3785120817383148,0.07855847930532651
C002512,2022-04-01,rent,other,21,172415.82,0.0584,0.5742,0,9101.52,0.0486,11,0.05278819542197462,0,0.08805699605534412,0.27204507086138957,logistic_regression,0.08805699605534412,0.019338894073745158
C002513,2022-10-01,rent,home_improvement,45,40052.78,0.2428,0.25,0,16694.73,0.0859,13,0.4168182583081624,0,0.31521761378754054,0.327494534445937,logistic_regression,0.31521761378754054,0.0638853689114198
C002516,2022-02-01,own,debt_consolidation,45,50316.2,0.1735,0.2603,0,16528.95,0.0561,9,0.32850155615885146,0,0.22508197338889654,0.2006654179712806,logistic_regression,0.22508197338889654,0.045188580517118965
C002520,2022-12-01,rent,debt_consolidation,39,51107.24,0.2488,0.3867,0,8335.45,0.0748,7,0.16309724414779592,0,0.38183609318928774,0.34558054953698214,logistic_regression,0.38183609318928774,0.07937402065751001
C002528,2022-09-01,rent,car,21,28000.0,0.2727,0.392,1,22605.92,0.1198,4,0.8073542857142857,1,0.5389114334028925,0.6164167115899026,logistic_regression,0.5389114334028925,0.12521481175473348
C002531,2022-07-01,rent,debt_consolidation,40,53724.46,0.167,0.5672,0,20152.11,0.0629,6,0.375101210882343,0,0.5043452398904864,0.4005684508608152,logistic_regression,0.5043452398904864,0.11363809601283965
C002532,2022-01-01,rent,debt_consolidation,44,42108.68,0.4086,0.8967,2,11156.23,0.1596,7,0.26493896270317663,1,0.795361240923333,0.6848572329222973,logistic_regression,0.795361240923333,0.2711515864312061
C002533,2022-08-01,mortgage,debt_consolidation,50,56424.97,0.2965,0.4652,1,20698.95,0.0766,6,0.36684024820925915,0,0.4354459473801399,0.4431159787985884,logistic_regression,0.4354459473801399,0.09327095309539356
C002535,2022-01-01,rent,medical,44,32005.95,0.7926,0.2748,0,27963.27,0.1444,13,0.873689735814747,1,0.6318870052440199,0.6803973576072757,logistic_regression,0.6318870052440199,0.1626808705543055
C002536,2022-11-01,own,home_improvement,40,98736.62,0.2821,0.2132,0,20977.18,0.035,5,0.21245592567377738,0,0.20566081794736985,0.21161322531810925,logistic_regression,0.20566081794736985,0.041404630702536825
C002542,2022-11-01,mortgage,debt_consolidation,41,65270.14,0.3416,0.4298,0,47212.84,0.0992,5,0.7233451621216072,0,0.49035297145420514,0.42457647375350877,logistic_regression,0.49035297145420514,0.10923284319494962
C002543,2022-10-01,rent,medical,33,78889.35,0.1495,0.3798,1,11714.81,0.0848,0,0.14849672357548893,1,0.31939080402338343,0.31654583000070124,logistic_regression,0.31939080402338343,0.06480735012121526
C002545,2022-01-01,rent,other,21,68958.5,0.2211,0.1585,0,30478.4,0.035,14,0.4419817716452649,0,0.3065410477971435,0.24458626506566997,logistic_regression,0.3065410477971435,0.061986740682897966
C002555,2022-11-01,other,car,35,61655.93,0.1329,0.2988,0,28586.39,0.0958,9,0.4636438052268452,0,0.18424406087926828,0.33762415915877,logistic_regression,0.18424406087926828,0.03730393088244718
C002558,2022-04-01,mortgage,debt_consolidation,43,50091.96,0.368,0.7013,2,21852.29,0.098,12,0.43624346102648015,1,0.629638456131479,0.5842723895388298,logistic_regression,0.629638456131479,0.16163818229331472
C002567,2022-01-01,mortgage,debt_consolidation,22,68198.47,0.382,0.6247,1,42606.2,0.0999,9,0.6247383555672142,0,0.6221255033497941,0.5562282062993009,logistic_regression,0.6221255033497941,0.15821160207609306
C002570,2022-08-01,rent,other,33,41436.53,0.202,0.5691,0,17992.26,0.0789,6,0.43421251731262245,0,0.4940903278697811,0.48167269401644897,logistic_regression,0.4940903278697811,0.11039478927109711
C002571,2022-01-01,mortgage,car,28,62030.21,0.2497,0.5044,0,29941.35,0.0852,8,0.4826898054996106,0,0.37769479727788213,0.4034049599862895,logistic_regression,0.37769479727788213,0.07835871409186604
C002572,2022-08-01,mortgage,home_improvement,32,85548.61,0.2236,0.2564,1,22664.54,0.0546,7,0.2649317154305605,1,0.23510332756516542,0.29799552871530993,logistic_regression,0.23510332756516542,0.047169225294620316
C002579,2022-11-01,rent,debt_consolidation,33,99892.97,0.3264,0.3006,0,24630.79,0.0701,10,0.24657180580375176,0,0.33127320824280404,0.30253425175719045,logistic_regression,0.33127320824280404,0.06746508736020605
C002589,2022-11-01,rent,debt_consolidation,49,40678.85,0.5781,0.3142,0,33140.89,0.1029,7,0.8146958431715744,0,0.6667952193891225,0.5937663965215181,logistic_regression,0.6667952193891225,0.17998176882127132
C002599,2022-11-01,mortgage,debt_consolidation,21,48515.19,0.2862,0.2222,0,21359.16,0.0742,9,0.44025716481786425,0,0.2427322771751601,0.28102487046618,logistic_regression,0.2427322771751601,0.04869109215998413
C002601,2022-04-01,rent,other,48,91484.98,0.3288,0.3182,2,12546.3,0.1243,7,0.1371405448194884,0,0.3588551373095635,0.4707682909790034,logistic_regression,0.3588551373095635,0.07383353719098419
C002610,2022-02-01,mortgage,debt_consolidation,38,57468.12,0.3521,0.2408,0,24739.98,0.0587,9,0.4304992054725298,0,0.3074005569586625,0.30144038056776734,logistic_regression,0.3074005569586625,0.062173740419725974
C002611,2022-11-01,rent,car,35,39198.68,0.1871,0.2796,0,30191.25,0.0574,2,0.7702108846522383,0,0.48338040567298596,0.4853102254441412,logistic_regression,0.48338040567298596,0.1070927614063376
C002612,2022-08-01,mortgage,debt_consolidation,34,32487.4,0.4802,0.1247,0,24898.35,0.0639,0,0.7664002043869315,0,0.405007266084659,0.4038453183794035,logistic_regression,0.405007266084659,0.08520169602665933
C002617,2022-12-01,own,small_business,27,28000.0,0.4035,0.3417,0,10413.46,0.0794,4,0.37190928571428566,0,0.534412106255565,0.4062302700065492,logistic_regression,0.534412106255565,0.12364774802633167
C002620,2022-09-01,mortgage,car,42,77658.64,0.2692,0.4727,0,32342.72,0.0826,13,0.41647291273707604,0,0.3307948919054593,0.38727254357293384,logistic_regression,0.3307948919054593,0.06735714786810074
C002621,2022-03-01,mortgage,home_improvement,21,40528.09,0.1203,0.018,0,30590.57,0.0533,11,0.7547992022323283,0,0.1424465199570208,0.2550723026427998,logistic_regression,0.1424465199570208,0.029458070869570852
C002624,2022-08-01,mortgage,home_improvement,51,164549.16,0.4552,0.277,0,44709.8,0.0735,5,0.27171089782530644,0,0.2363637605283696,0.37195718710550324,logistic_regression,0.2363637605283696,0.04741980330376478
C002625,2022-08-01,rent,car,33,79782.82,0.3044,0.4497,0,15665.0,0.0841,6,0.1963455290249204,0,0.4155091795853063,0.2559872904137001,logistic_regression,0.4155091795853063,0.08792991242564314
C002627,2022-11-01,mortgage,debt_consolidation,59,66935.4,0.2694,0.2838,0,29854.97,0.0442,10,0.4460266167080499,0,0.30620795421759184,0.262087512036012,logistic_regression,0.30620795421759184,0.061914333858452755
C002631,2022-09-01,own,other,43,124050.4,0.1308,0.587,2,16966.55,0.0586,1,0.13677142516267582,1,0.29491359728762534,0.30325414964594366,logistic_regression,0.29491359728762534,0.05947957574407065
C002633,2022-07-01,own,debt_consolidation,47,67966.37,0.075,0.7222,1,7360.21,0.0571,2,0.10829193908693374,0,0.38862401783085154,0.35611629879382456,logistic_regression,0.38862401783085154,0.08105498210002668
C002640,2022-04-01,own,other,52,28000.0,0.2802,0.1569,0,21247.56,0.0696,6,0.7588414285714287,0,0.2562166404385402,0.28319027798966284,logistic_regression,0.2562166404385402,0.051412921486180506
C002649,2022-09-01,own,other,44,80795.05,0.2076,0.3221,1,19192.78,0.069,3,0.2375489587542801,0,0.2682778357517848,0.3558289535492651,logistic_regression,0.2682778357517848,0.053884479666239354
C002651,2022-05-01,rent,debt_consolidation,50,91861.8,0.5684,0.0878,0,16490.55,0.0979,4,0.17951477110180727,0,0.35475211203706203,0.2754708845749712,logistic_regression,0.35475211203706203,0.07286755734166417
C002652,2022-05-01,rent,other,63,48497.26,0.0405,0.2054,0,15043.05,0.0558,6,0.31018350315048726,0,0.23452152992077815,0.23888494331787788,logistic_regression,0.23452152992077815,0.047053674849500356
C002653,2022-12-01,rent,debt_consolidation,28,220000.0,0.1602,0.3043,0,13434.25,0.035,11,0.061064772727272724,0,0.04738945278087333,0.18090894582336317,logistic_regression,0.04738945278087333,0.011506089135977308
C002655,2022-04-01,rent,small_business,28,37930.15,0.0647,0.1876,1,23271.33,0.0871,7,0.6135311882499805,0,0.43909129435669375,0.4438232524011617,logistic_regression,0.43909129435669375,0.09427168026060316
C002668,2022-10-01,rent,small_business,47,41122.41,0.2208,0.3608,1,7337.79,0.0974,14,0.17843774234049023,0,0.5052863971997545,0.424409882368004,logistic_regression,0.5052863971997545,0.11393989648351129
C002670,2022-10-01,mortgage,small_business,44,41285.31,0.1614,0.3905,0,18830.17,0.1023,1,0.4560985493387357,0,0.38661202163210645,0.38813821795178355,logistic_regression,0.38661202163210645,0.08055452707360163
C002672,2022-04-01,mortgage,small_business,36,45723.83,0.2079,0.7558,3,29718.05,0.1697,10,0.64994664707659,1,0.7141690586907555,0.6744558636664898,logistic_regression,0.7141690586907555,0.20750918457236506
C002673,2022-04-01,mortgage,small_business,30,156716.03,0.1087,0.2319,0,21734.4,0.0726,6,0.13868651471071594,0,0.0923370703203111,0.15352151641235917,logistic_regression,0.0923370703203111,0.02014119410149894
C002675,2022-08-01,own,debt_consolidation,40,36152.28,0.3137,0.3837,0,15856.51,0.0709,4,0.43860331907143896,0,0.3902177170128653,0.4050428650713312,logistic_regression,0.3902177170128653,0.08145272684242681
C002677,2022-10-01,rent,car,34,39702.48,0.5178,0.3992,0,24513.62,0.1147,9,0.6174329664041137,0,0.6174630233039335,0.6875623416836126,logistic_regression,0.6174630233039335,0.15612817159056114
C002678,2022-05-01,mortgage,debt_consolidation,37,81636.43,0.4791,0.2152,0,37007.79,0.0755,5,0.45332445331085647,0,0.39388591707520904,0.36812327598426314,logistic_regression,0.39388591707520904,0.08237274569535746
C002684,2022-01-01,mortgage,home_improvement,39,106005.26,0.235,0.1225,0,13444.32,0.0553,9,0.12682691406067964,0,0.0904253624492131,0.10814163660403817,logistic_regression,0.0904253624492131,0.019783133579044685
C002690,2022-11-01,mortgage,home_improvement,34,69319.87,0.4641,0.3978,0,38420.24,0.035,19,0.5542457018456612,0,0.46206904079015254,0.3733838434600703,logistic_regression,0.46206904079015254,0.1007641410567622
C002693,2022-07-01,mortgage,home_improvement,32,60104.03,0.2398,0.4686,0,11344.48,0.0571,8,0.1887474101154282,0,0.26833785349734446,0.1289763597671771,logistic_regression,0.26833785349734446,0.053896870283976925
C002695,2022-09-01,rent,home_improvement,36,86855.94,0.1873,0.3094,0,9358.32,0.0664,6,0.10774530792021823,0,0.22402982574621735,0.24800848886808094,logistic_regression,0.22402982574621735,0.04498179494125323
C002701,2022-05-01,mortgage,debt_consolidation,55,52135.79,0.259,0.1367,0,16198.87,0.0565,4,0.31070537149240474,1,0.22204099122256427,0.22270400255896006,logistic_regression,0.22204099122256427,0.04459150054475132
C002704,2022-03-01,rent,home_improvement,24,69745.64,0.5473,0.6151,1,20943.14,0.0943,12,0.3002788418028711,0,0.7044791035769502,0.6304287603635941,logistic_regression,0.7044791035769502,0.20143231266795078
C002710,2022-05-01,own,home_improvement,28,90706.61,0.4098,0.1019,0,28084.71,0.0552,6,0.3096214267074913,0,0.24989320035937573,0.26356428392806186,logistic_regression,0.24989320035937573,0.05013129525715049
C002713,2022-09-01,rent,home_improvement,31,54091.07,0.3792,0.809,1,19512.81,0.1492,5,0.3607399520845123,0,0.7081777850668843,0.7513017764599136,logistic_regression,0.7081777850668843,0.20372201069118823
C002731,2022-10-01,rent,car,61,51918.38,0.2143,0.0644,0,12464.69,0.0493,9,0.24008241397362554,0,0.26791056955328474,0.18053231170158487,logistic_regression,0.26791056955328474,0.053808678110626854
C002733,2022-08-01,own,debt_consolidation,21,68765.41,0.1583,0.5893,0,4627.86,0.0487,7,0.06729924245343698,0,0.2630342407735078,0.26495048406043264,logistic_regression,0.2630342407735078,0.052805502551607764
C002744,2022-09-01,rent,debt_consolidation,27,56720.77,0.2596,0.8064,1,15063.97,0.1172,6,0.2655811971522954,0,0.6500244923854696,0.6529109563870454,logistic_regression,0.6500244923854696,0.17139754896363765
C002748,2022-01-01,rent,debt_consolidation,44,69730.59,0.2817,0.7236,2,40581.22,0.1555,1,0.5819715565292076,1,0.7809860924226678,0.7092793621841055,logistic_regression,0.7809860924226678,0.25783493004709057
C002750,2022-11-01,rent,small_business,48,72221.03,0.2803,0.7471,1,17312.34,0.1245,13,0.23971328018999452,0,0.6826113503150678,0.6190726080140444,logistic_regression,0.6826113503150678,0.18859288658636164
C002755,2022-12-01,own,debt_consolidation,41,34030.7,0.268,0.1882,0,9588.39,0.0564,4,0.28175706053651556,1,0.2698619427891395,0.2955000261296351,logistic_regression,0.2698619427891395,0.054211830373340694
C002756,2022-05-01,rent,debt_consolidation,33,90813.02,0.2424,0.6668,0,36454.03,0.0796,13,0.4014185410858487,0,0.5446955463933089,0.5547493063141323,logistic_regression,0.5446955463933089,0.12725766931229976
C002757,2022-06-01,mortgage,debt_consolidation,28,44386.9,0.2979,0.6144,0,6956.47,0.0855,7,0.156723492742228,0,0.37398880258876943,0.32100958413101804,logistic_regression,0.37398880258876943,0.07745656605504982
C002768,2022-12-01,rent,debt_consolidation,33,67054.73,0.6171,0.2298,0,16830.81,0.0828,5,0.25100108523291353,0,0.5443477996436211,0.4309579561448559,logistic_regression,0.5443477996436211,0.12713393507372664
C002770,2022-10-01,mortgage,debt_consolidation,30,45863.85,0.3809,0.504,0,65446.81,0.0911,9,1.4269802905774374,0,0.6404107300291758,0.44448975953260117,logistic_regression,0.6404107300291758,0.16670793004578877
C002778,2022-07-01,rent,home_improvement,42,55668.77,0.3154,0.2817,0,7841.06,0.0801,5,0.14085204325513212,0,0.34933431358248024,0.32479028465042326,logistic_regression,0.34933431358248024,0.07160228997573893
C002782,2022-09-01,rent,home_improvement,35,32306.51,0.2412,0.3133,1,19786.6,0.0921,2,0.6124647942473513,0,0.4957192726536382,0.4961536122103614,logistic_regression,0.4957192726536382,0.11090453574251313
C002784,2022-03-01,mortgage,car,35,64106.99,0.4136,0.557,0,18841.75,0.0723,5,0.2939110072084183,0,0.4783176199811007,0.41417698641841694,logistic_regression,0.4783176199811007,0.1055608777005202
C002785,2022-07-01,mortgage,car,48,106128.04,0.5186,0.1085,0,7712.27,0.035,14,0.07266948489767644,0,0.16092001878847073,0.28555555348211187,logistic_regression,0.16092001878847073,0.03290592750495009
C002790,2022-03-01,rent,debt_consolidation,35,39477.21,0.0366,0.2672,0,20370.51,0.0444,9,0.5160068302699202,0,0.29828988518598265,0.4099226739181676,logistic_regression,0.29828988518598265,0.06020332204938312
C002791,2022-09-01,rent,debt_consolidation,28,62186.22,0.1733,0.3691,0,44435.34,0.045,15,0.7145528382332934,0,0.4877424399650196,0.38389207899267785,logistic_regression,0.4877424399650196,0.10842741593999049
C002796,2022-07-01,mortgage,other,30,51996.97,0.2312,0.3467,1,19493.64,0.0804,4,0.3748995374153532,0,0.31557412934885704,0.39278190600897805,logistic_regression,0.31557412934885704,0.06396390733022717
C002797,2022-05-01,mortgage,medical,47,53991.0,0.1001,0.3073,0,14980.18,0.035,13,0.27745698357133597,0,0.16076683634475109,0.19390754291121373,logistic_regression,0.16076683634475109,0.03287723009746182
C002803,2022-12-01,own,debt_consolidation,42,30724.77,0.4039,0.3642,0,37895.89,0.0827,4,1.2333986552218292,0,0.5004645665956637,0.40264979984801086,logistic_regression,0.5004645665956637,0.11240111407573379
C002806,2022-11-01,rent,home_improvement,54,48500.79,0.4171,0.7085,0,19658.98,0.1112,7,0.4053331914799738,0,0.6712673320316123,0.6088852457398651,logistic_regression,0.6712673320316123,0.1823634528538821
C002814,2022-10-01,own,car,41,40647.9,0.4397,0.4405,1,15603.25,0.0809,8,0.38386361903074945,0,0.5433926785427396,0.48784129441418383,logistic_regression,0.5433926785427396,0.12679469400758864
C002818,2022-05-01,mortgage,debt_consolidation,44,29940.81,0.1518,0.2232,0,17384.29,0.0549,6,0.5806219003427096,1,0.22307372178196772,0.18472777283475345,logistic_regression,0.22307372178196772,0.04479407151839103
C002822,2022-02-01,rent,debt_consolidation,21,69479.23,0.4512,0.4933,1,21593.34,0.0836,7,0.3107884183517866,0,0.6485348857994383,0.5529571827491355,logistic_regression,0.6485348857994383,0.1706603107559347
C002824,2022-11-01,rent,car,30,75718.68,0.336,0.5057,1,13617.75,0.0812,6,0.17984663758005293,1,0.540932306537538,0.30429698721875564,logistic_regression,0.540932306537538,0.1259248908780581
C002826,2022-03-01,own,car,50,46873.28,0.1433,0.2422,0,16321.82,0.0731,7,0.34821160371111215,0,0.2157007964098422,0.23144530966843865,logistic_regression,0.2157007964098422,0.043352263591755195
C002828,2022-09-01,rent,car,44,94744.44,0.1513,0.2574,0,9058.92,0.0531,5,0.09561426506927477,0,0.20773917276750364,0.22334474344885716,logistic_regression,0.20773917276750364,0.04180638146758492
C002831,2022-08-01,rent,debt_consolidation,39,127079.5,0.5233,0.7142,1,4670.2,0.1242,12,0.03675022328542369,1,0.42916021578457253,0.6767447187360164,logistic_regression,0.42916021578457253,0.09156327969443004
C002837,2022-10-01,mortgage,debt_consolidation,27,43698.84,0.1567,0.1289,0,14318.21,0.0501,10,0.32765652360566094,0,0.15716640322249598,0.15464193987111324,logistic_regression,0.15716640322249598,0.03220330689243171
C002838,2022-06-01,rent,medical,48,47255.95,0.2118,0.6966,2,14528.2,0.1152,10,0.3074364180595248,1,0.6054166019745936,0.6685949026611139,logistic_regression,0.6054166019745936,0.15089078908997433
C002840,2022-11-01,mortgage,debt_consolidation,42,61203.52,0.2662,0.4411,0,14193.49,0.0455,9,0.2319064328326214,0,0.30383496362431417,0.2294728140627106,logistic_regression,0.30383496362431417,0.06139951183724047
C002847,2022-04-01,mortgage,debt_consolidation,42,89192.9,0.1592,0.2418,0,16136.36,0.0713,7,0.18091529706960982,0,0.1279149831793007,0.1098706361150088,logistic_regression,0.1279149831793007,0.02675857293215775
C002862,2022-08-01,rent,other,35,46939.76,0.2386,0.4075,0,9007.85,0.0957,3,0.19190234462212843,0,0.3758158443141478,0.4214009412066351,logistic_regression,0.3758158443141478,0.07790056876802567
C002863,2022-03-01,rent,debt_consolidation,53,30170.0,0.1984,0.135,1,16226.35,0.0831,5,0.537830626450116,0,0.37610529276558413,0.31120574136657925,logistic_regression,0.37610529276558413,0.07797104378414793
C002869,2022-04-01,own,debt_consolidation,38,36235.73,0.292,0.5339,0,18456.16,0.0467,12,0.5093359510074724,0,0.44179540104824894,0.45620750999536014,logistic_regression,0.44179540104824894,0.09501903526915276
C002872,2022-11-01,rent,debt_consolidation,53,58929.59,0.2341,0.873,0,17814.36,0.1165,2,0.30229906571554294,0,0.6453228419809773,0.6408191242880388,logistic_regression,0.6453228419809773,0.16908397177295115
C002873,2022-02-01,mortgage,debt_consolidation,21,76986.81,0.3393,0.7421,1,7983.55,0.0837,11,0.10370023124740459,0,0.4149864555257308,0.3150139428881492,logistic_regression,0.4149864555257308,0.08779276993244492
C002878,2022-09-01,rent,debt_consolidation,29,96091.05,0.2255,0.6995,0,33864.08,0.1082,7,0.35241658822543825,0,0.5191842471319356,0.6219888533040396,logistic_regression,0.5191842471319356,0.11848099550114027
C002879,2022-05-01,rent,medical,38,92770.57,0.2663,0.3959,0,16717.52,0.0765,9,0.18020283803365658,0,0.2808963482075635,0.2037224275763386,logistic_regression,0.2808963482075635,0.056510538248074435
C002880,2022-11-01,mortgage,debt_consolidation,56,33407.57,0.4189,0.3412,0,36187.09,0.0871,0,1.0832003046016216,0,0.5011167309992581,0.4016661790553765,logistic_regression,0.5011167309992581,0.11260816384303085
C002887,2022-08-01,rent,small_business,41,50770.77,0.1036,0.3283,1,23269.48,0.1369,8,0.45832434686336254,1,0.4561210068309827,0.5964873439214496,logistic_regression,0.4561210068309827,0.09905194681318139
C002894,2022-07-01,mortgage,debt_consolidation,50,30669.46,0.6103,0.3654,0,9444.44,0.0655,11,0.30794281999096174,1,0.49881763548529257,0.4815304875176865,logistic_regression,0.49881763548529257,0.11187972501922365
C002902,2022-01-01,own,car,54,45749.87,0.2763,0.3868,0,19908.53,0.0924,4,0.43516036220430787,0,0.364933357907273,0.3799618952876042,logistic_regression,0.364933357907273,0.07527713612498992
C002903,2022-04-01,mortgage,medical,44,126342.96,0.3688,0.2554,1,9128.14,0.0986,14,0.07224890092807702,0,0.09730050639849737,0.2978559551951357,logistic_regression,0.09730050639849737,0.021068925742312082
C002906,2022-04-01,own,debt_consolidation,41,28000.0,0.5134,0.3621,2,15834.9,0.0921,7,0.5655321428571428,0,0.6141810774587878,0.50682341379433,logistic_regression,0.6141810774587878,0.15468081501996794
C002908,2022-09-01,mortgage,debt_consolidation,29,44738.58,0.3456,0.3578,0,12651.36,0.0759,5,0.28278412055098756,0,0.3267556211535911,0.3513618770620632,logistic_regression,0.3267556211535911,0.06644885427790076
C002918,2022-09-01,rent,small_business,34,60813.96,0.3572,0.0662,0,32643.4,0.1074,6,0.5367747800011708,1,0.49355078954918596,0.4225903021441869,logistic_regression,0.49355078954918596,0.11022639615383335
C002919,2022-03-01,rent,home_improvement,41,32895.87,0.156,0.672,1,11187.57,0.116,7,0.3400904125654679,0,0.5381912330059195,0.6562472829015296,logistic_regression,0.5381912330059195,0.12496269299096563
C002935,2022-01-01,rent,debt_consolidation,51,28136.55,0.4232,0.3219,0,15678.5,0.0844,10,0.5572289424254218,1,0.512268380610725,0.35873932451646634,logistic_regression,0.512268380610725,0.1162012074116751
C002939,2022-07-01,mortgage,debt_consolidation,55,46487.72,0.2478,0.5481,0,33257.24,0.0661,9,0.7153983890799548,1,0.45639469902813573,0.4729202585790605,logistic_regression,0.45639469902813573,0.09913023471467174
C002942,2022-09-01,own,medical,35,58989.45,0.1984,0.5572,1,36537.54,0.0952,2,0.6193910945092724,0,0.49366041781312786,0.47281539889356317,logistic_regression,0.49366041781312786,0.11026059392580916
C002945,2022-02-01,rent,home_improvement,56,85803.78,0.758,0.2514,0,29805.58,0.0751,16,0.34736907861168825,0,0.6119759601221046,0.37779047921667835,logistic_regression,0.6119759601221046,0.1537170699156273
C002953,2022-09-01,mortgage,debt_consolidation,21,58745.02,0.2466,0.3733,0,14010.51,0.0691,6,0.23849698238250666,0,0.2534100195422886,0.20666398236189118,logistic_regression,0.2534100195422886,0.050842912711642464
C002956,2022-12-01,rent,debt_consolidation,46,35269.99,0.1966,0.0291,0,9756.39,0.0538,4,0.2766201521463431,0,0.2713952703962502,0.22081682866820324,logistic_regression,0.2713952703962502,0.054529310998495444
C002961,2022-08-01,rent,debt_consolidation,21,102678.47,0.1626,0.5784,0,9184.03,0.0607,0,0.08944455444262074,0,0.325102064693605,0.30782273015660466,logistic_regression,0.325102064693605,0.06607867631609146
C002963,2022-11-01,rent,debt_consolidation,26,90512.51,0.4641,0.1022,0,11667.89,0.0577,18,0.12890914195175893,0,0.23563298719213055,0.18528942634179538,logistic_regression,0.23563298719213055,0.047274482462507005
C002974,2022-11-01,mortgage,debt_consolidation,25,127745.72,0.1028,0.6132,1,32750.79,0.035,4,0.25637485154101447,0,0.3215361520294683,0.41313524103074983,logistic_regression,0.3215361520294683,0.06528359847425122
C002978,2022-06-01,mortgage,debt_consolidation,38,90459.15,0.0958,0.3233,0,21154.44,0.0644,6,0.23385627656240413,0,0.15037444064031724,0.22903996091287857,logistic_regression,0.15037444064031724,0.030934813490012127
C002983,2022-01-01,rent,other,49,75309.3,0.2918,0.7373,0,8348.06,0.0704,6,0.11085031994720439,1,0.5102700062743791,0.44883217721957425,logistic_regression,0.5102700062743791,0.11554990542219995
C002984,2022-02-01,rent,debt_consolidation,63,97411.79,0.3615,0.6471,1,39108.06,0.1066,9,0.4014715261879491,1,0.6835748756069563,0.611621616459886,logistic_regression,0.6835748756069563,0.1891349053517515
C002989,2022-07-01,own,home_improvement,28,28000.0,0.5971,0.2396,0,14565.05,0.0913,10,0.5201803571428572,0,0.41722507411718573,0.4399351472653964,logistic_regression,0.41722507411718573,0.08838110753083313
C002994,2022-04-01,mortgage,other,43,46281.64,0.2352,0.6717,2,27546.59,0.101,10,0.5951947683789943,1,0.5497438018793467,0.5589485522189216,logistic_regression,0.5497438018793467,0.1290673680958947
C003003,2022-08-01,mortgage,debt_consolidation,52,78631.67,0.3821,0.4671,0,9947.99,0.0776,11,0.1265137825509747,0,0.26929358278797233,0.1698762483569303,logistic_regression,0.26929358278797233,0.054094305593207236
C003004,2022-10-01,rent,medical,40,87585.93,0.3857,0.3414,1,8454.04,0.0456,6,0.09652280908588859,1,0.4099229182362522,0.34292534647491413,logistic_regression,0.4099229182362522,0.08647165728943954
C003010,2022-01-01,mortgage,debt_consolidation,44,45225.66,0.2069,0.5658,0,27806.53,0.0736,11,0.6148396728759734,0,0.385750202336703,0.4966513409522002,logistic_regression,0.385750202336703,0.08034073348968161
C003030,2022-06-01,rent,car,26,49163.94,0.2017,0.1212,0,8729.75,0.0562,10,0.17756408457092737,0,0.2513331330636245,0.21609315853366337,logistic_regression,0.2513331330636245,0.05042231123664969
C003036,2022-10-01,mortgage,home_improvement,32,65295.56,0.1264,0.5379,1,38482.03,0.057,2,0.5893514045978011,0,0.48080719575264574,0.35238869566718806,logistic_regression,0.48080719575264574,0.10631188558410644
C003037,2022-01-01,mortgage,medical,38,54022.1,0.2657,0.2266,0,50348.97,0.0657,1,0.9320069008794549,0,0.39590985856834077,0.3264741840424804,logistic_regression,0.39590985856834077,0.08288310544024678
C003046,2022-05-01,rent,other,21,58119.4,0.3977,0.1966,1,14112.12,0.0801,9,0.24281255484399358,0,0.4105508921473695,0.366988286937464,logistic_regression,0.4105508921473695,0.0866347805182612
C003051,2022-03-01,rent,medical,31,49208.45,0.3669,0.4923,0,19345.48,0.0586,8,0.3931332931640806,0,0.5535919460475748,0.42785517138088003,logistic_regression,0.5535919460475748,0.1304640212941844
C003057,2022-01-01,rent,other,26,42689.37,0.3557,0.3549,0,21702.56,0.0813,5,0.5083832345148218,1,0.4977005956114918,0.5042959098470093,logistic_regression,0.4977005956114918,0.11152729032486557
C003067,2022-02-01,rent,other,21,71299.19,0.4435,0.4266,1,11670.96,0.1206,2,0.16368993813253696,0,0.5029410206879054,0.567990139790731,logistic_regression,0.5029410206879054,0.11318911903888662
C003078,2022-01-01,rent,debt_consolidation,47,35247.5,0.2733,0.3961,0,12752.42,0.0583,5,0.36179643946379175,0,0.501099301136121,0.3603813997534947,logistic_regression,0.501099301136121,0.11260262585277415
C003082,2022-02-01,mortgage,debt_consolidation,40,29764.1,0.4826,0.3447,2,18606.61,0.0828,6,0.6251359859696749,0,0.5857669381739237,0.5193022991171231,logistic_regression,0.5857669381739237,0.14276759620623414
C003095,2022-07-01,mortgage,debt_consolidation,39,63581.65,0.3963,0.3624,2,11312.81,0.1213,6,0.17792570655212628,1,0.38238925467220214,0.47166798314744585,logistic_regression,0.38238925467220214,0.07951021942961387
C003107,2022-04-01,mortgage,car,44,64473.39,0.0387,0.2355,0,13056.47,0.0477,5,0.20250943839000865,1,0.14409235427601016,0.14813501709184637,logistic_regression,0.14409235427601016,0.029764345239353646
C003109,2022-07-01,rent,car,36,49179.51,0.397,0.7609,1,31221.39,0.1354,10,0.6348454874804568,0,0.7670807644240968,0.7523537592088838,logistic_regression,0.7670807644240968,0.24592502609005007
C003114,2022-08-01,rent,debt_consolidation,23,28354.3,0.0839,0.1389,0,8421.5,0.0578,11,0.29700962464247044,0,0.2200938554783107,0.26570394152235777,logistic_regression,0.2200938554783107,0.04421012040586037
C003120,2022-05-01,rent,other,44,44279.35,0.1532,0.4542,0,17853.01,0.0644,3,0.4031904262370608,0,0.4381412083783111,0.35809057483435225,logistic_regression,0.4381412083783111,0.0940101166422872
C003122,2022-12-01,mortgage,small_business,25,124759.5,0.3225,0.5071,0,9527.53,0.0629,2,0.07636717043591872,0,0.2868477689708705,0.20724618534093267,logistic_regression,0.2868477689708705,0.05776423339613047
C003126,2022-06-01,mortgage,car,34,41164.42,0.1094,0.7413,2,15640.17,0.1183,1,0.37994389329425754,0,0.5278088028356585,0.603723563749549,logistic_regression,0.5278088028356585,0.12138180086926793
C003127,2022-02-01,rent,car,21,48142.19,0.2945,0.0992,0,26859.31,0.0597,10,0.5579162476821267,1,0.3730007459504673,0.3793051600431878,logistic_regression,0.3730007459504673,0.07721705694028333
C003128,2022-07-01,mortgage,debt_consolidation,45,60702.06,0.2466,0.5131,1,13441.16,0.0622,7,0.22142839962927124,0,0.38426744222809317,0.1659587272117541,logistic_regression,0.38426744222809317,0.07997369857881641
C003148,2022-03-01,rent,debt_consolidation,42,73822.1,0.4029,0.7881,1,8961.86,0.1183,9,0.12139806372346493,1,0.6307211905686253,0.6526044850595175,logistic_regression,0.6307211905686253,0.16213926011253818
C003149,2022-12-01,rent,medical,43,42014.76,0.3527,0.2469,1,16153.49,0.0793,9,0.38447179038985346,1,0.45660746784087025,0.4635772831016998,logistic_regression,0.45660746784087025,0.09919112870177381
C003156,2022-03-01,rent,small_business,53,34219.28,0.257,0.017,0,12584.89,0.08,0,0.3677719110396244,1,0.4300313013128523,0.2692272076802703,logistic_regression,0.4300313013128523,0.09179859791527469
C003158,2022-12-01,mortgage,debt_consolidation,42,48360.38,0.527,0.3049,0,33852.59,0.0862,0,0.7000066996992166,0,0.5419266439922397,0.515882111956542,logistic_regression,0.5419266439922397,0.12627571018480832
C003160,2022-05-01,mortgage,small_business,24,84034.61,0.5966,0.445,0,11708.32,0.0918,1,0.13932735571688856,1,0.5458414616222372,0.31626299091454774,logistic_regression,0.5458414616222372,0.1276662444852244
C003162,2022-06-01,rent,debt_consolidation,39,106862.65,0.3875,0.6362,0,7655.43,0.0405,9,0.07163803255861613,1,0.445608993770608,0.4216869423873996,logistic_regression,0.445608993770608,0.09608040772087245
C003169,2022-02-01,rent,small_business,46,71514.37,0.2842,0.5254,0,11789.95,0.0953,9,0.1648612719373743,1,0.5312010714881635,0.30879867678291223,logistic_regression,0.5312010714881635,0.12254089826845092
C003172,2022-09-01,own,debt_consolidation,37,37590.03,0.0292,0.5489,0,11751.83,0.0533,8,0.3126315674661606,0,0.2788176232475858,0.30199629070180556,logistic_regression,0.2788176232475858,0.056074974715065555
C003175,2022-12-01,rent,debt_consolidation,66,43859.05,0.442,0.0431,0,30207.63,0.0558,10,0.6887433722344647,0,0.4698983114283451,0.35843743739562023,logistic_regression,0.4698983114283451,0.10305311214027917
C003186,2022-09-01,rent,home_improvement,55,29554.48,0.484,0.3332,0,8913.4,0.0888,6,0.30159217824167434,0,0.5472025062439861,0.4152022399022561,logistic_regression,0.5472025062439861,0.12815320463530228
C003190,2022-03-01,rent,debt_consolidation,21,40786.78,0.3496,0.3848,0,6852.23,0.0791,1,0.16800124942444586,0,0.49580239013444005,0.4370493458811879,logistic_regression,0.49580239013444005,0.11093060004174676
C003198,2022-01-01,rent,debt_consolidation,57,61277.37,0.3067,0.3615,0,27750.71,0.0902,10,0.4528704479320832,0,0.4594765533454423,0.3976107568683494,logistic_regression,0.4594765533454423,0.10001507425437162
C003199,2022-11-01,rent,home_improvement,50,64807.34,0.2291,0.4531,0,16307.2,0.0519,5,0.25162581892730057,0,0.4432587728895643,0.29332423971775506,logistic_regression,0.4432587728895643,0.09542528293965727
C003201,2022-08-01,mortgage,car,21,65741.09,0.4538,0.127,0,24234.08,0.0614,8,0.36862911764925105,0,0.30264255503828247,0.32889740588437844,logistic_regression,0.30264255503828247,0.06114148302880207
C003202,2022-07-01,rent,car,29,42981.27,0.0724,0.4801,0,27077.68,0.0923,11,0.629987899380358,0,0.39098462884191243,0.4568955547308872,logistic_regression,0.39098462884191243,0.08164455094985934
C003207,2022-12-01,rent,other,47,48115.77,0.563,0.3181,0,28302.83,0.1059,12,0.5882235699439082,0,0.5711706454953,0.599423487661877,logistic_regression,0.5711706454953,0.13704207945785113
C003208,2022-01-01,mortgage,other,45,50633.17,0.2503,0.7225,1,13881.28,0.0886,7,0.27415387975905914,0,0.46882201564470033,0.41067054435653727,logistic_regression,0.46882201564470033,0.10273602293228312
C003211,2022-10-01,rent,home_improvement,21,72440.41,0.3593,0.5589,2,14602.53,0.0942,2,0.20157989166543921,0,0.6480282958890061,0.32883330178220804,logistic_regression,0.6480282958890061,0.1704104890082257
C003214,2022-10-01,rent,debt_consolidation,40,65250.96,0.3113,0.7501,0,15210.66,0.1522,6,0.2331101335520581,0,0.5218947750480977,0.6292203851983228,logistic_regression,0.5218947750480977,0.11938564220378235
C003219,2022-12-01,rent,debt_consolidation,49,43747.35,0.3516,0.2036,0,19928.49,0.0656,6,0.4555359353195108,0,0.4520796259000136,0.3671187312641099,logistic_regression,0.4520796259000136,0.09790142821134014
C003230,2022-03-01,rent,home_improvement,32,28000.0,0.2628,0.2542,1,25854.13,0.1056,13,0.9233617857142857,0,0.4012173324547239,0.5352212091766594,logistic_regression,0.4012173324547239,0.08423084244225526
C003231,2022-03-01,rent,home_improvement,21,59596.53,0.1529,0.3115,0,21564.62,0.0821,4,0.36184355028723986,0,0.32558704973455727,0.35886019112548206,logistic_regression,0.32558704973455727,0.06618715029411879
C003238,2022-12-01,rent,home_improvement,28,78731.83,0.1864,0.5563,0,49820.86,0.1061,6,0.6327918454327811,1,0.568042922103879,0.4436988502694587,logistic_regression,0.568042922103879,0.13584711887872966
C003239,2022-05-01,rent,debt_consolidation,27,44676.69,0.4574,0.1449,0,11100.28,0.0446,10,0.24845797663166183,0,0.43540754866199305,0.3334789875551317,logistic_regression,0.43540754866199305,0.09326045275351677
C003243,2022-06-01,mortgage,medical,45,33066.52,0.2824,0.5488,1,5209.79,0.0803,10,0.15755483189643182,1,0.3831417097053182,0.32795803942906615,logistic_regression,0.3831417097053182,0.07969571009733535
C003246,2022-01-01,mortgage,debt_consolidation,34,43237.06,0.391,0.3052,0,19840.66,0.0699,4,0.45888087672936134,0,0.3794072468919542,0.37215380680550414,logistic_regression,0.3794072468919542,0.07877762093657775
C003264,2022-04-01,other,car,29,55269.39,0.476,0.2995,0,6594.74,0.0661,6,0.11931993459670895,0,0.30865161722800394,0.2661796706658661,logistic_regression,0.30865161722800394,0.06244634819555196
C003270,2022-11-01,other,debt_consolidation,35,61180.24,0.196,0.6745,0,22067.11,0.046,0,0.360690150937623,1,0.44322853853729466,0.4982772346709373,logistic_regression,0.44322853853729466,0.09541687665948864
C003276,2022-08-01,rent,small_business,47,95780.43,0.4345,0.3783,0,22861.81,0.1013,6,0.238689782453472,0,0.5642100506955777,0.4478931926766925,logistic_regression,0.5642100506955777,0.13439751873757252
C003279,2022-12-01,own,home_improvement,40,39533.64,0.2569,0.181,1,12867.72,0.0641,9,0.32548786299465465,1,0.27475261923966104,0.35557348738936484,logistic_regression,0.27475261923966104,0.055226628652005665
C003283,2022-11-01,own,debt_consolidation,51,34348.74,0.2838,0.423,1,14836.78,0.1002,5,0.4319453930478964,0,0.42247668141379147,0.36013385676213855,logistic_regression,0.42247668141379147,0.08977176089552828
C003298,2022-07-01,mortgage,small_business,45,76760.65,0.5209,0.1162,0,21459.26,0.0874,8,0.27956068636729886,0,0.3784641537288226,0.3843128933588613,logistic_regression,0.3784641537288226,0.07854675629860086
C003300,2022-01-01,mortgage,other,48,57889.48,0.526,0.2381,0,33404.67,0.0985,1,0.577042149972672,0,0.4440963118452208,0.4728179226892894,logistic_regression,0.4440963118452208,0.09565836723713919
C003310,2022-09-01,rent,small_business,41,43893.88,0.2766,0.4446,0,21837.16,0.0838,4,0.49749896796546583,0,0.6553577299752736,0.4786273525257124,logistic_regression,0.6553577299752736,0.17406999638819692
C003313,2022-08-01,mortgage,car,42,37059.58,0.1704,0.382,0,34359.11,0.0767,12,0.9271316620425811,0,0.30779136945898283,0.319032147399244,logistic_regression,0.30779136945898283,0.06225884542878208
C003316,2022-03-01,rent,other,44,59993.76,0.4173,0.3864,1,17223.59,0.1039,6,0.2870896906611621,0,0.5375279060041271,0.5035909126708563,logistic_regression,0.5375279060041271,0.12473091809796667
C003330,2022-08-01,mortgage,small_business,41,86632.48,0.2786,0.5254,0,3112.86,0.0677,7,0.03593178909342085,0,0.3158999825052666,0.20369757625126364,logistic_regression,0.3158999825052666,0.06403572777917126
C003332,2022-04-01,mortgage,other,40,31229.85,0.3072,0.2732,0,15591.75,0.063,6,0.49925792150778825,0,0.2887931938353384,0.34233814725737116,logistic_regression,0.2887931938353384,0.058176229001952566
C003334,2022-03-01,mortgage,debt_consolidation,31,51911.17,0.1665,0.3879,0,21227.21,0.0859,8,0.40891411231917907,0,0.24089146521759738,0.2749539102414367,logistic_regression,0.24089146521759738,0.04832272253254193
C003339,2022-04-01,mortgage,debt_consolidation,37,90223.59,0.2828,0.6546,0,9794.99,0.0663,5,0.10856351426495,0,0.30468231072350194,0.2545765782349596,logistic_regression,0.30468231072350194,0.06158314147367957
C003340,2022-05-01,mortgage,car,57,28000.0,0.2856,0.5075,1,21840.32,0.0952,5,0.7800114285714286,0,0.4908083088584574,0.4163748219274925,logistic_regression,0.4908083088584574,0.1093738469996452
C003352,2022-09-01,other,car,40,37505.39,0.364,0.258,2,10031.54,0.0955,7,0.2674692890808495,1,0.3800904543762941,0.4270876573486336,logistic_regression,0.3800904543762941,0.07894511441981486
C003355,2022-11-01,mortgage,other,33,57641.22,0.0659,0.2474,1,12308.84,0.0447,3,0.2135423226642323,0,0.19207294111672196,0.19422738782376217,logistic_regression,0.19207294111672196,0.03879509172993669
C003358,2022-05-01,mortgage,debt_consolidation,50,44202.99,0.445,0.2108,1,40043.02,0.0625,5,0.9058893979796389,1,0.5450491641007074,0.47838925426067513,logistic_regression,0.5450491641007074,0.12738361393480088
C003361,2022-12-01,mortgage,home_improvement,27,50694.45,0.1027,0.4779,1,16602.87,0.1128,2,0.3275086326017937,0,0.276697938840862,0.4641364614551157,logistic_regression,0.276697938840862,0.05563204835427623
C003364,2022-02-01,mortgage,other,27,61069.68,0.4606,0.326,0,10136.96,0.0364,6,0.16599006249909937,0,0.34189635992777834,0.26984109290299346,logistic_regression,0.34189635992777834,0.06988375011262113
C003371,2022-12-01,rent,medical,41,37740.86,0.2021,0.6219,0,8540.81,0.0925,6,0.22630141443517712,0,0.46128575959059837,0.501311699673199,logistic_regression,0.46128575959059837,0.10053736254348945
C003379,2022-04-01,rent,debt_consolidation,21,71983.29,0.2597,0.2283,0,22129.95,0.0567,11,0.30743176645579834,0,0.32201285991017925,0.26263733684288243,logistic_regression,0.32201285991017925,0.06538963574401024
C003381,2022-02-01,rent,debt_consolidation,49,91731.65,0.2203,0.1648,0,12825.35,0.035,7,0.1398137938214346,0,0.22814178209367456,0.11776820589700569,logistic_regression,0.22814178209367456,0.045791179941166146
C003383,2022-10-01,own,small_business,34,104083.2,0.493,0.2492,0,23383.59,0.0893,3,0.22466248155321897,0,0.4110933571443998,0.3134202120770428,logistic_regression,0.4110933571443998,0.08677585491296266
C003384,2022-07-01,mortgage,car,32,43723.77,0.7706,0.3167,0,22143.33,0.0932,9,0.5064368877615083,0,0.5956396236433946,0.501126256404723,logistic_regression,0.5956396236433946,0.1467866106762675
C003398,2022-10-01,own,other,43,39338.65,0.259,0.5948,0,46123.2,0.1004,0,1.1724652472822528,0,0.5614790354627375,0.5368403573014068,logistic_regression,0.5614790354627375,0.1333743923239735
C003401,2022-01-01,mortgage,car,49,29233.84,0.335,0.1464,0,8464.33,0.0945,0,0.2895387674010667,0,0.2685488508175298,0.32365056614978244,logistic_regression,0.2685488508175298,0.05394043791506323
C003402,2022-08-01,mortgage,debt_consolidation,54,65391.77,0.2116,0.4763,2,3551.91,0.1056,2,0.05431738581170077,0,0.3253649314708201,0.3026049024459176,logistic_regression,0.3253649314708201,0.0661374601762722
C003404,2022-12-01,mortgage,debt_consolidation,38,101442.04,0.272,0.2544,1,24613.87,0.0743,8,0.24263973792325155,0,0.22075594643505428,0.3502885291032805,logistic_regression,0.22075594643505428,0.044339721864699866
C003412,2022-12-01,mortgage,debt_consolidation,38,76348.97,0.1451,0.153,1,16022.16,0.0427,3,0.20985430451779505,0,0.19112877919004218,0.17330239523550728,logistic_regression,0.19112877919004218,0.03861480388436824
C003418,2022-05-01,rent,debt_consolidation,43,97265.16,0.2631,0.6283,0,22159.27,0.0723,13,0.22782330281469748,0,0.43043366858931403,0.3502614808395464,logistic_regression,0.43043366858931403,0.09190743864116205
C003426,2022-11-01,rent,small_business,65,31544.01,0.3583,0.6884,0,8659.31,0.1479,3,0.27451519321734935,0,0.7274380790355699,0.6649352078429973,logistic_regression,0.7274380790355699,0.21626175103626574
C003428,2022-06-01,other,home_improvement,38,83071.52,0.1669,0.3621,0,30090.08,0.0901,11,0.36221896505565326,0,0.17067890162658556,0.35015046471604255,logistic_regression,0.17067890162658556,0.034738791530007515
C003439,2022-09-01,rent,home_improvement,47,50504.53,0.3137,0.4608,0,17121.1,0.0694,12,0.33900127374712724,0,0.4755121275073725,0.4182503718984495,logistic_regression,0.4755121275073725,0.10471979375761901
C003440,2022-02-01,own,small_business,55,51236.16,0.3436,0.6727,2,19070.2,0.1452,6,0.3722019761043763,0,0.7130774771069235,0.6340957301483269,logistic_regression,0.7130774771069235,0.20681181680095487
C003441,2022-09-01,rent,medical,42,44708.02,0.2238,0.0525,0,9633.45,0.0561,10,0.21547476269358387,0,0.21546549873974696,0.20490336957875005,logistic_regression,0.21546549873974696,0.04330641557778211
C003445,2022-08-01,mortgage,car,47,47977.38,0.133,0.5213,0,21863.45,0.0753,0,0.4557032918429477,0,0.36758291558119066,0.3357272371115456,logistic_regression,0.36758291558119066,0.07591121588569334
C003455,2022-02-01,own,car,39,51965.07,0.3884,0.384,1,19517.41,0.078,3,0.3755871011046459,0,0.5117854732247573,0.45859853810402534,logistic_regression,0.5117854732247573,0.116043517729441
C003456,2022-04-01,mortgage,car,34,84933.42,0.1193,0.6366,0,16024.27,0.0804,5,0.1886686065390985,0,0.25527083695589364,0.2740687508696993,logistic_regression,0.25527083695589364,0.05122062384119686
C003459,2022-03-01,mortgage,home_improvement,57,78349.13,0.0806,0.6866,3,16132.14,0.1315,7,0.20590069092024377,0,0.3795088780671845,0.5064494579539727,logistic_regression,0.3795088780671845,0.07880252339573464
C003462,2022-09-01,rent,debt_consolidation,28,58852.97,0.4392,0.2485,0,16047.02,0.064,19,0.2726628749577124,0,0.38430435094027976,0.40919243614615125,logistic_regression,0.38430435094027976,0.07998282258336098
C003463,2022-05-01,rent,small_business,46,52875.47,0.3908,0.7285,0,31275.57,0.1617,7,0.5914948841116684,0,0.772991368386552,0.7287632996112438,logistic_regression,0.772991368386552,0.25087872287207924
C003470,2022-04-01,own,debt_consolidation,41,33054.17,0.5128,0.597,1,5209.33,0.1213,5,0.1575997824177706,0,0.6011672216492795,0.645122709822463,logistic_regression,0.6011672216492795,0.14909135966932652
C003474,2022-06-01,mortgage,debt_consolidation,35,87934.74,0.3793,0.6597,1,16085.11,0.0857,2,0.18292099345491894,0,0.4806224735255329,0.34103481539391056,logistic_regression,0.4806224735255329,0.10625601116077693
C003488,2022-10-01,rent,debt_consolidation,38,29437.7,0.1293,0.5412,1,11867.88,0.0732,14,0.4031524201958712,1,0.47831589625224274,0.4340777054905151,logistic_regression,0.47831589625224274,0.10556035923555741
C003495,2022-08-01,rent,home_improvement,21,28000.0,0.5183,0.2857,1,21688.55,0.0598,16,0.7745910714285714,1,0.6082129024882789,0.5593089433824313,logistic_regression,0.6082129024882789,0.15208832894749674
C003506,2022-06-01,rent,debt_consolidation,46,51209.21,0.3959,0.5084,1,43674.81,0.156,2,0.8528702161193269,1,0.7266999628659252,0.6325007903851161,logistic_regression,0.7266999628659252,0.21576102197603936
C003507,2022-03-01,rent,other,21,96605.38,0.3875,0.6591,2,13888.23,0.1241,6,0.14376249024640242,1,0.5644282558166126,0.5934535423744673,logistic_regression,0.5644282558166126,0.1344796131406225
C003508,2022-01-01,rent,other,43,94826.37,0.5244,0.5854,3,11569.45,0.1454,8,0.12200667388195922,0,0.643610168041585,0.6312787865399456,logistic_regression,0.643610168041585,0.16825082834115979
C003511,2022-11-01,rent,debt_consolidation,28,58126.84,0.2632,0.395,0,24156.71,0.0368,10,0.41558615606834987,0,0.49044885655980786,0.3699634944894459,logistic_regression,0.49044885655980786,0.10926252296547996
C003516,2022-11-01,rent,other,23,52392.68,0.1847,0.3146,0,5176.42,0.0552,3,0.09880044311533596,1,0.3073474575772968,0.29429763754005955,logistic_regression,0.3073474575772968,0.06216218101878068
C003518,2022-07-01,mortgage,debt_consolidation,37,118403.2,0.513,0.4708,0,18112.59,0.0756,9,0.15297382165346882,0,0.2886783820660743,0.28023605712244387,logistic_regression,0.2886783820660743,0.058151884276148424
C003520,2022-08-01,rent,debt_consolidation,51,83564.35,0.3808,0.41,3,16194.68,0.1285,0,0.1937989106598687,1,0.6293678644265471,0.4937436074161239,logistic_regression,0.6293678644265471,0.16151324500088526
C003521,2022-02-01,rent,debt_consolidation,29,51158.79,0.352,0.5036,1,14886.1,0.0622,17,0.29097834409297013,0,0.5648282441074307,0.4350317388131225,logistic_regression,0.5648282441074307,0.1346302334807878
C003523,2022-02-01,mortgage,medical,39,42365.45,0.4139,0.7972,0,9569.92,0.1057,8,0.22588972854059147,0,0.49985739546025915,0.4927806099219408,logistic_regression,0.49985739546025915,0.112208648226067
C003534,2022-12-01,rent,debt_consolidation,23,57673.12,0.2311,0.1965,0,16258.07,0.044,8,0.2819003029487567,0,0.32607960186766993,0.30774175533130227,logistic_regression,0.32607960186766993,0.06629740038203637
C003540,2022-02-01,own,debt_consolidation,44,130244.25,0.295,0.2138,0,14343.4,0.0579,4,0.11012693458636369,0,0.12268911148816222,0.1475135029708769,logistic_regression,0.12268911148816222,0.025788892877554488
C003548,2022-05-01,rent,home_improvement,35,70175.01,0.1652,0.4674,0,32943.28,0.0833,9,0.46944460713293806,0,0.4266932597272514,0.4055156977715347,logistic_regression,0.4266932597272514,0.09089914445631903
C003553,2022-09-01,own,medical,40,51273.65,0.3663,0.3512,0,14249.88,0.078,5,0.27791818994746814,0,0.32066365272485065,0.3675395339945296,logistic_regression,0.32066365272485065,0.06508972308353134
C003572,2022-03-01,rent,home_improvement,21,52638.51,0.3298,0.895,0,17693.49,0.1192,10,0.3361320447710241,0,0.6503068393569631,0.6639846735469774,logistic_regression,0.6503068393569631,0.1715377361840098
C003575,2022-10-01,mortgage,debt_consolidation,37,93990.0,0.5132,0.5144,1,20137.53,0.0882,2,0.2142518353016278,0,0.4985039378895743,0.4413308663983696,logistic_regression,0.4985039378895743,0.11178065335523196
C003578,2022-04-01,rent,debt_consolidation,45,135448.38,0.0869,0.3553,0,31499.56,0.035,5,0.23255767252439638,0,0.24245220519117727,0.31805643225958635,logistic_regression,0.24245220519117727,0.048634998115177935
C003579,2022-05-01,own,debt_consolidation,23,83728.86,0.081,0.7184,0,11393.11,0.0798,4,0.1360714812073161,0,0.2581705254699777,0.2955957147737182,logistic_regression,0.2581705254699777,0.05181086258020851
C003581,2022-05-01,rent,small_business,39,108089.89,0.4299,0.1658,0,62563.03,0.0909,7,0.5788055663670303,0,0.6941137398326557,0.4011055535031327,logistic_regression,0.6941137398326557,0.195202550330094
C003590,2022-07-01,mortgage,car,31,108515.09,0.3441,0.3817,0,17336.86,0.0441,11,0.15976450832782796,0,0.21882483158313115,0.20605469175926647,logistic_regression,0.21882483158313115,0.043961944285754874
C003593,2022-12-01,mortgage,debt_consolidation,29,53960.4,0.3949,0.3492,0,12602.56,0.0663,8,0.23355201221636607,0,0.322667673655371,0.2769534431571739,logistic_regression,0.322667673655371,0.06553541679479159
C003605,2022-08-01,rent,debt_consolidation,30,30296.47,0.3443,0.8861,4,14810.72,0.1853,3,0.4888595932133347,1,0.8637245309509185,0.7045998256834453,logistic_regression,0.8637245309509185,0.3543311936592352
C003621,2022-12-01,rent,car,45,45130.62,0.2656,0.6049,0,22764.26,0.074,10,0.5044083152414036,1,0.596686795672838,0.5581577597552831,logistic_regression,0.596686795672838,0.14722016313436903
C003625,2022-02-01,rent,home_improvement,26,66535.54,0.4772,0.6378,0,18099.09,0.1059,8,0.27202138886976795,0,0.6110051862506171,0.5647871088244913,logistic_regression,0.6110051862506171,0.15329498862329588
C003629,2022-03-01,mortgage,home_improvement,39,65379.23,0.2209,0.2194,0,20071.63,0.062,7,0.30700315681295115,0,0.1947183951460608,0.25450525714225886,logistic_regression,0.1947183951460608,0.039300931938906505
C003630,2022-02-01,rent,debt_consolidation,21,28000.0,0.3516,0.7571,3,17455.11,0.1861,7,0.6233967857142857,1,0.7682604309775083,0.7008625240839943,logistic_regression,0.7682604309775083,0.24690135876412622
C003635,2022-10-01,mortgage,car,29,70223.01,0.1283,0.1252,0,16162.38,0.0374,13,0.23015789269072914,0,0.12344618129780327,0.15773712711903706,logistic_regression,0.12344618129780327,0.025929362314838115
C003642,2022-08-01,rent,home_improvement,46,41043.56,0.0889,0.4378,0,26723.8,0.0808,4,0.6511082371996971,0,0.4185611912716631,0.40979576249552646,logistic_regression,0.4185611912716631,0.08873351918047402
C003643,2022-08-01,mortgage,home_improvement,58,98662.35,0.5712,0.4405,2,33967.21,0.0902,18,0.34427732564651053,0,0.5403868109518527,0.5840410069124281,logistic_regression,0.5403868109518527,0.12573283416999428
C003645,2022-10-01,mortgage,debt_consolidation,40,47346.49,0.08,0.3938,0,29967.45,0.0649,9,0.632939210488465,0,0.260068856352624,0.36246660210971976,logistic_regression,0.260068856352624,0.05219838006445284
C003649,2022-12-01,own,car,43,44680.7,0.5148,0.4802,0,17119.09,0.1131,7,0.3831428334829132,0,0.5063345861896836,0.6166982654550408,logistic_regression,0.5063345861896836,0.11427685492564531
C003658,2022-08-01,own,debt_consolidation,57,57414.11,0.5778,0.6229,1,10275.36,0.0646,8,0.1789692464099853,0,0.667190594803656,0.512076759373769,logistic_regression,0.667190594803656,0.18019070024242378
C003663,2022-11-01,mortgage,car,52,81152.71,0.5266,0.3381,0,59317.47,0.0831,10,0.7309364037257658,0,0.6199290864912335,0.44209208081455625,logistic_regression,0.6199290864912335,0.15722610198417944
C003664,2022-10-01,rent,debt_consolidation,30,100447.72,0.2323,0.5137,2,32453.66,0.0953,0,0.3230900611780934,0,0.6106766342958131,0.5170109618890514,logistic_regression,0.6106766342958131,0.15315243983462337
C003685,2022-11-01,mortgage,medical,36,28000.0,0.1586,0.3187,1,15853.91,0.0877,6,0.5662110714285714,0,0.25356509122278126,0.3486419456952946,logistic_regression,0.25356509122278126,0.050874357921942434
C003688,2022-09-01,mortgage,debt_consolidation,22,31467.54,0.5043,0.2197,0,7709.04,0.0809,9,0.24498387862540255,0,0.330960037638628,0.39805139355446,logistic_regression,0.330960037638628,0.06739440634443311
C003689,2022-11-01,mortgage,debt_consolidation,46,48704.42,0.2939,0.4713,0,11011.42,0.0713,2,0.2260866672881024,0,0.3640205655992069,0.27779853506469976,logistic_regression,0.3640205655992069,0.0750593712773587
C003704,2022-07-01,rent,other,52,46226.01,0.3627,0.5158,0,7782.7,0.11,8,0.1683619243798026,0,0.4647183162906527,0.48250593449198087,logistic_regression,0.4647183162906527,0.10153414035526798
C003705,2022-09-01,mortgage,debt_consolidation,31,37838.88,0.2758,0.1525,1,9604.28,0.0873,4,0.25382040906073333,0,0.25474085414016123,0.28918878717121776,logistic_regression,0.25474085414016123,0.051112963205994746
C003710,2022-03-01,rent,debt_consolidation,61,60426.2,0.0288,0.1849,0,7158.41,0.0658,4,0.11846533457341352,0,0.18542451910365396,0.20265918526699478,logistic_regression,0.18542451910365396,0.03752823599475777
C003712,2022-12-01,rent,debt_consolidation,34,47026.11,0.3195,0.1387,0,7788.51,0.035,10,0.16562097098824463,0,0.3378610075030746,0.26448084920807274,logistic_regression,0.3378610075030746,0.06896011324577886
C003713,2022-01-01,mortgage,other,27,154051.33,0.2943,0.2517,1,34852.19,0.0535,2,0.22623751447001467,0,0.19233906587231142,0.261490701933926,logistic_regression,0.19233906587231142,0.038845931497509416
C003724,2022-12-01,own,home_improvement,61,49590.32,0.5494,0.6062,1,19440.54,0.132,4,0.39202287865857693,0,0.6426574345334637,0.7303727498537127,logistic_regression,0.6426574345334637,0.16778955429356632
C003726,2022-12-01,rent,small_business,21,44126.04,0.1852,0.538,1,28008.36,0.1599,7,0.6347354079359943,0,0.6239102986538496,0.6268636371391731,logistic_regression,0.6239102986538496,0.1590177698139109
C003732,2022-04-01,mortgage,home_improvement,38,75627.03,0.1057,0.5226,0,30325.09,0.0442,4,0.4009821620656001,0,0.32149132119782214,0.33971533246095187,logistic_regression,0.32149132119782214,0.06527363044245997
C003734,2022-08-01,mortgage,other,26,51681.44,0.5489,0.1339,0,24769.41,0.0976,3,0.47927089492862424,0,0.3478250141695609,0.4525976168165414,logistic_regression,0.3478250141695609,0.0712518523658269
C003740,2022-02-01,own,car,22,54597.87,0.2753,0.5408,1,23966.06,0.0722,5,0.4389559519446455,0,0.5267119925324061,0.3823710834899463,logistic_regression,0.5267119925324061,0.12100925203265472
C003743,2022-09-01,mortgage,debt_consolidation,57,40236.46,0.1975,0.1248,0,10769.81,0.0912,4,0.267662960409539,0,0.16614219151376847,0.2454331548057894,logistic_regression,0.16614219151376847,0.03388555727563204
C003746,2022-12-01,rent,other,47,43405.65,0.588,0.3346,3,17859.73,0.1662,8,0.41146095036014896,1,0.7078402779689293,0.6989663204055252,logistic_regression,0.7078402779689293,0.20351156962844696
C003748,2022-12-01,rent,debt_consolidation,36,97876.93,0.3646,0.524,0,7156.58,0.0787,12,0.07311814949651568,0,0.3331185292080834,0.33213779128218984,logistic_regression,0.3331185292080834,0.0678822793918451
C003749,2022-08-01,rent,debt_consolidation,33,46703.77,0.0706,0.4551,0,12844.62,0.0643,6,0.27502319405906633,1,0.3563677918985506,0.37273425294516727,logistic_regression,0.3563677918985506,0.07324713134618288
C003750,2022-07-01,rent,debt_consolidation,36,44252.97,0.1903,0.512,0,21431.6,0.0679,4,0.484297438115453,0,0.5217778302801264,0.496572698564111,logistic_regression,0.5217778302801264,0.11934648007492145
C003753,2022-10-01,rent,car,30,47515.36,0.5246,0.2833,0,12558.52,0.0854,8,0.2643044270315957,0,0.5315921710863379,0.47781716157241505,logistic_regression,0.5315921710863379,0.1226752044151167
C003769,2022-01-01,mortgage,debt_consolidation,46,35576.44,0.2051,0.4979,1,40793.16,0.0905,1,1.1466341207833048,0,0.5236726362953251,0.4307160604020751,logistic_regression,0.5236726362953251,0.1199824784760463
C003778,2022-04-01,own,debt_consolidation,46,28000.0,0.4574,0.7463,1,8395.5,0.1522,2,0.2998392857142857,0,0.6457052090387846,0.6998568464100615,logistic_regression,0.6457052090387846,0.16927067263267434
C003779,2022-12-01,rent,small_business,38,151052.32,0.316,0.2947,0,12752.74,0.119,0,0.08442597902501596,1,0.22496370936149715,0.46146992711512635,logistic_regression,0.22496370936149715,0.04516532654778932
C003785,2022-12-01,mortgage,car,38,39010.49,0.7327,0.3189,0,77691.71,0.1624,3,1.991559449778765,0,0.7545102528230927,0.6888593559585721,logistic_regression,0.7545102528230927,0.23588335722048853
C003789,2022-11-01,other,car,36,48345.38,0.327,0.5398,1,14732.0,0.0847,7,0.30472405015742976,0,0.44004532125701606,0.37753050363134155,logistic_regression,0.44004532125701606,0.09453486059689495
C003795,2022-06-01,rent,home_improvement,50,49758.88,0.4634,0.2503,1,19239.17,0.1208,3,0.3866479711762001,0,0.5446053245036833,0.6326671946409819,logistic_regression,0.5446053245036833,0.12722555545769756
C003801,2022-08-01,mortgage,home_improvement,29,77438.97,0.0925,0.072,0,14142.92,0.0853,3,0.18263311095175983,0,0.08255163254596591,0.1481627384419796,logistic_regression,0.08255163254596591,0.018303085145591782
C003803,2022-01-01,rent,car,58,58598.92,0.4044,0.4534,0,8953.65,0.0626,12,0.15279547814191796,0,0.5049562062359887,0.3492076193355302,logistic_regression,0.5049562062359887,0.11383393358952959
C003806,2022-03-01,rent,debt_consolidation,46,95657.71,0.1141,0.3283,0,12556.8,0.0819,2,0.13126803892754696,0,0.21025048149825548,0.2046028435816197,logistic_regression,0.21025048149825548,0.042292799558399756
C003818,2022-01-01,rent,car,31,95889.7,0.211,0.6044,1,32256.79,0.0718,8,0.3363947326980896,0,0.5772278926074321,0.5532795895189879,logistic_regression,0.5772278926074321,0.13938780509250726
C003820,2022-06-01,rent,home_improvement,25,82661.08,0.2121,0.4013,3,15303.52,0.0787,10,0.18513573739902744,0,0.4836668516150222,0.27962381192904695,logistic_regression,0.4836668516150222,0.10717998152540652
C003826,2022-07-01,rent,home_improvement,21,85269.53,0.3325,0.8352,1,20223.88,0.1037,9,0.23717592908041127,1,0.6437958985081724,0.5045169954525833,logistic_regression,0.6437958985081724,0.1683409331378047
C003831,2022-06-01,own,car,46,122054.46,0.0718,0.8006,3,18900.76,0.1096,0,0.15485513597782496,0,0.43559380642307904,0.4008742649973256,logistic_regression,0.43559380642307904,0.0933113938971788
C003833,2022-01-01,rent,other,49,66102.3,0.6198,0.7516,0,6952.81,0.1186,6,0.10518257307234392,0,0.6860453462231783,0.7009988342294912,logistic_regression,0.6860453462231783,0.19053419101948166
C003839,2022-10-01,other,medical,41,52640.75,0.33,0.2266,0,7706.8,0.0541,7,0.14640368915716437,0,0.1904361589619851,0.22288144751358135,logistic_regression,0.1904361589619851,0.03848262906808458
C003840,2022-10-01,rent,debt_consolidation,24,34446.63,0.515,0.5196,1,11732.53,0.1348,4,0.3406002270759143,1,0.6874087351874381,0.6598252940042433,logistic_regression,0.6874087351874381,0.19131237348187935
C003841,2022-05-01,own,debt_consolidation,52,90332.58,0.503,0.459,0,27517.81,0.0632,3,0.3046277433900371,1,0.5105650157838201,0.42202819103275035,logistic_regression,0.5105650157838201,0.11564584643530855
C003845,2022-08-01,rent,other,32,134022.59,0.128,0.578,0,13965.52,0.0562,8,0.10420273179319994,0,0.1996760348670911,0.21229688089854934,logistic_regression,0.1996760348670911,0.040251714582603515
C003868,2022-01-01,mortgage,debt_consolidation,44,61656.23,0.2877,0.254,0,19850.64,0.0882,0,0.3219567592763943,0,0.266210589939928,0.376236561440879,logistic_regression,0.266210589939928,0.053458264559368994
C003873,2022-04-01,rent,car,28,49264.53,0.0634,0.4742,2,16861.44,0.1014,6,0.3422632876026626,0,0.4852996483821827,0.44429385371775837,logistic_regression,0.4852996483821827,0.10767828643043421
C003881,2022-04-01,mortgage,small_business,37,48926.69,0.5041,0.2167,0,10783.33,0.065,6,0.2203977011320406,1,0.47239097576628264,0.3486421161613203,logistic_regression,0.47239097576628264,0.10379049371227578
C003890,2022-02-01,mortgage,debt_consolidation,21,28000.0,0.2493,0.258,1,9416.32,0.035,9,0.33629714285714285,0,0.32676753513414486,0.2799011495766198,logistic_regression,0.32676753513414486,0.06645152489012505
C003892,2022-08-01,rent,small_business,23,97674.24,0.5201,0.3242,0,40272.6,0.1092,10,0.412315468233999,1,0.6587724965418917,0.5406959642379517,logistic_regression,0.6587724965418917,0.17580873451161
C003896,2022-08-01,rent,debt_consolidation,29,56214.24,0.1183,0.7414,2,14773.77,0.1114,0,0.2628118782714131,0,0.6440484944790328,0.6333075816258654,logistic_regression,0.6440484944790328,0.1684635723702776
C003900,2022-08-01,own,car,51,65793.52,0.0749,0.4967,0,7648.53,0.035,1,0.11625050612887104,0,0.2716713870411898,0.27459078475448506,logistic_regression,0.2716713870411898,0.05458654744390171
C003902,2022-10-01,mortgage,debt_consolidation,35,48828.87,0.5256,0.1302,0,23623.07,0.035,3,0.4837930920785183,0,0.4349243519310279,0.38031958522615994,logistic_regression,0.4349243519310279,0.09312839241949804
C003905,2022-05-01,mortgage,home_improvement,42,50046.74,0.5524,0.1234,0,9069.43,0.0626,10,0.18121919629530317,0,0.28708240833775506,0.3220113491380699,logistic_regression,0.28708240833775506,0.05781386688682874
C003908,2022-11-01,mortgage,home_improvement,32,92613.33,0.2029,0.2162,0,10832.43,0.0756,1,0.11696404826389463,0,0.12055418331057434,0.15615224539293646,logistic_regression,0.12055418331057434,0.025392762692363433
C003910,2022-07-01,mortgage,debt_consolidation,36,76469.82,0.1776,0.6829,0,8912.53,0.089,2,0.11654964010638445,0,0.2847152298853453,0.3410086268502661,logistic_regression,0.2847152298853453,0.05731385520660742
C003912,2022-11-01,own,debt_consolidation,46,45267.1,0.443,0.388,0,20659.77,0.0634,9,0.45639703007261345,0,0.46267374933821603,0.43248924400575156,logistic_regression,0.46267374933821603,0.10093949189177284
C003918,2022-03-01,rent,other,38,59493.77,0.5226,0.5207,0,12485.04,0.1278,2,0.20985457805077745,0,0.5718412012680959,0.6095167405899568,logistic_regression,0.5718412012680959,0.13729969742800255
C003921,2022-09-01,mortgage,debt_consolidation,57,33990.29,0.525,0.3127,1,19535.85,0.0814,7,0.574747964786414,0,0.5285771225912401,0.4952956131110269,logistic_regression,0.5285771225912401,0.1216434154193121
C003936,2022-03-01,own,debt_consolidation,28,71434.31,0.1947,0.3791,0,16468.22,0.0943,0,0.23053655869287465,0,0.2412349061791384,0.2408528656369856,logistic_regression,0.2412349061791384,0.04839139293172047
C003943,2022-08-01,mortgage,small_business,32,88349.38,0.3204,0.6264,0,4703.93,0.0911,5,0.053242365707603156,0,0.3759456985011767,0.27269344947688495,logistic_regression,0.3759456985011767,0.07793218116564857
C003944,2022-11-01,rent,debt_consolidation,43,46928.1,0.3347,0.6588,0,19108.8,0.1294,12,0.4071931316205003,1,0.548880546006789,0.6765211709298443,logistic_regression,0.548880546006789,0.12875611107714696
C003949,2022-11-01,rent,medical,59,63039.69,0.1217,0.2034,2,9682.27,0.035,6,0.15359006365672168,0,0.34933425121005607,0.24422721293323635,logistic_regression,0.34933425121005607,0.0716022754755211
C003956,2022-09-01,mortgage,debt_consolidation,27,92530.18,0.4092,0.6131,0,7506.51,0.0819,5,0.0811249907867898,0,0.31587011755854055,0.2341834612586068,logistic_regression,0.31587011755854055,0.06402914385960529
C003961,2022-09-01,own,debt_consolidation,33,28000.0,0.1272,0.3669,1,15032.42,0.035,10,0.5368721428571429,0,0.3417990233634163,0.3487941133027069,logistic_regression,0.3417990233634163,0.06986139966354893
C003962,2022-04-01,mortgage,debt_consolidation,35,35325.37,0.2279,0.2216,1,10655.57,0.0694,4,0.30164071883748134,0,0.2864772718276097,0.3057955704678464,logistic_regression,0.2864772718276097,0.05768589384965383
C003966,2022-04-01,rent,car,39,66732.7,0.3088,0.3557,0,26011.15,0.0789,4,0.38978117174938226,0,0.49630691133345856,0.4182504994451899,logistic_regression,0.49630691133345856,0.11108892328945406
C003972,2022-08-01,rent,other,36,39070.01,0.4226,0.4141,2,14614.66,0.1259,11,0.3740633800708011,0,0.5989362103430483,0.644302164248941,logistic_regression,0.5989362103430483,0.14815630081929443
C003978,2022-12-01,rent,debt_consolidation,40,30952.05,0.1767,0.5275,1,20060.74,0.124,2,0.6481231453167077,0,0.5435700657732155,0.5932224449658149,logistic_regression,0.5435700657732155,0.12685763141589662
C003985,2022-04-01,mortgage,car,28,28000.0,0.2822,0.7111,1,8611.75,0.0892,10,0.3075625,1,0.5239106592062952,0.43590198246518574,logistic_regression,0.5239106592062952,0.12006259417639593
C003998,2022-03-01,rent,other,37,106175.39,0.1654,0.7008,1,11599.51,0.0625,10,0.10924857445779103,0,0.37874308890201175,0.42667435894077765,logistic_regression,0.37874308890201175,0.07861499707906912
C004002,2022-03-01,rent,debt_consolidation,38,41085.54,0.3558,0.7617,2,24692.21,0.1473,7,0.600995143303459,0,0.7763916961598066,0.7180336834592658,logistic_regression,0.7763916961598066,0.2538003653201839
C004005,2022-01-01,mortgage,debt_consolidation,47,145089.6,0.1965,0.5417,0,21183.1,0.0962,8,0.1460001268181868,0,0.1274465582211859,0.2166610759019038,logistic_regression,0.1274465582211859,0.026671645634389278
C004006,2022-10-01,mortgage,debt_consolidation,41,38619.99,0.127,0.1961,0,15636.33,0.0735,5,0.4048765937018627,0,0.1810031907602186,0.22116134907435098,logistic_regression,0.1810031907602186,0.03668905015522305
C004012,2022-06-01,mortgage,small_business,41,107587.88,0.3377,0.5617,0,18477.34,0.0834,6,0.1717418356045309,0,0.3928907249865455,0.25587851629936226,logistic_regression,0.3928907249865455,0.08212251328148507
C004054,2022-01-01,rent,car,63,56433.05,0.1418,0.5332,0,7756.12,0.0816,0,0.1374393196894373,0,0.4320785378549421,0.3593457111417615,logistic_regression,0.4320785378549421,0.09235332635203124
C004057,2022-03-01,mortgage,car,69,54501.7,0.4518,0.2045,0,31184.9,0.0907,8,0.572182152116356,0,0.3839476319427965,0.4077668956015723,logistic_regression,0.3839476319427965,0.07989466598563759
C004067,2022-04-01,mortgage,other,43,44981.01,0.2878,0.5293,1,19972.79,0.0942,2,0.44402715723813224,0,0.4609591177345666,0.48764403993730926,logistic_regression,0.4609591177345666,0.1004429097221781
C004073,2022-03-01,mortgage,debt_consolidation,43,68739.82,0.2333,0.5269,0,9973.76,0.06,10,0.1450943572444618,0,0.2625963608874689,0.158569340211966,logistic_regression,0.2625963608874689,0.052715714681958084
C004074,2022-09-01,rent,home_improvement,40,101554.47,0.3258,0.0758,0,34430.85,0.0595,2,0.3390382520828477,0,0.3331130048249697,0.29861559930187603,logistic_regression,0.3331130048249697,0.0678810286095464
C004077,2022-11-01,rent,medical,50,81241.58,0.343,0.6089,2,24527.92,0.129,8,0.30191337982348443,1,0.6106046268805942,0.6158165733913155,logistic_regression,0.6106046268805942,0.15312121832526135
C004081,2022-07-01,mortgage,debt_consolidation,48,100285.41,0.1535,0.5513,0,13614.13,0.0811,10,0.13575384495112497,0,0.16649146589572314,0.14101331199668693,logistic_regression,0.16649146589572314,0.0339511715512741
C004088,2022-08-01,mortgage,car,55,73942.12,0.0979,0.4119,0,23777.71,0.0619,2,0.3215719267989611,1,0.25886564335219897,0.29385065825050277,logistic_regression,0.25886564335219897,0.051952658660570535
C004089,2022-11-01,rent,medical,22,38120.2,0.0884,0.3989,0,39539.21,0.0642,15,1.037224621067046,0,0.37041918924834455,0.42506569716524295,logistic_regression,0.37041918924834455,0.0765932670464936
C004090,2022-11-01,mortgage,debt_consolidation,54,132892.15,0.4019,0.3454,2,8419.74,0.0562,0,0.06335769268538435,0,0.2689126382554744,0.269307458467825,logistic_regression,0.2689126382554744,0.05401558137971691
C004095,2022-10-01,rent,home_improvement,21,129475.02,0.193,0.3267,0,10047.07,0.0739,6,0.07759852054859694,0,0.13884299584666646,0.24047923144205346,logistic_regression,0.13884299584666646,0.02878794925364391
C004102,2022-12-01,mortgage,debt_consolidation,57,79316.94,0.3673,0.4316,0,10528.1,0.1049,7,0.1327345709504174,0,0.2438655758193858,0.2302424149452762,logistic_regression,0.2438655758193858,0.04891825166048556
C004108,2022-03-01,rent,debt_consolidation,37,70576.03,0.5004,0.3856,0,47639.02,0.128,4,0.6750028302810458,0,0.6821629748095065,0.6633668840360182,logistic_regression,0.6821629748095065,0.18834136526017725
C004114,2022-11-01,rent,car,36,43279.91,0.2879,0.3991,0,18214.12,0.0889,1,0.4208446829025291,0,0.5203372783492316,0.45494531136292976,logistic_regression,0.5203372783492316,0.11886504655445025
C004122,2022-09-01,rent,debt_consolidation,27,59819.93,0.1911,0.2541,0,14934.04,0.0506,3,0.2496499076478358,0,0.3415574530105837,0.39979590498592826,logistic_regression,0.3415574530105837,0.06980594555910342
C004123,2022-12-01,rent,debt_consolidation,34,62646.58,0.4814,0.5339,2,19381.78,0.1361,12,0.30938289049458084,0,0.6703656309749078,0.7234849386301505,logistic_regression,0.6703656309749078,0.18187995866308446
C004132,2022-08-01,other,other,21,47341.58,0.5082,0.7288,0,9749.44,0.1078,5,0.20593820485078868,1,0.5009501715909075,0.5671145523205302,logistic_regression,0.5009501715909075,0.11255525267754427
C004135,2022-12-01,mortgage,debt_consolidation,21,37747.81,0.248,0.5975,1,11272.14,0.0725,10,0.2986170588439435,0,0.4341502449238545,0.3737599015760422,logistic_regression,0.4341502449238545,0.09291710406306015
C004136,2022-11-01,rent,small_business,33,69380.79,0.216,0.8807,4,24403.85,0.2257,3,0.35173785135626157,1,0.8460451869394788,0.7115119076780823,logistic_regression,0.8460451869394788,0.3288350721085569
C004137,2022-11-01,rent,debt_consolidation,40,28000.0,0.2041,0.1521,0,10202.94,0.0723,8,0.3643907142857143,0,0.2974277614830275,0.2545699233607248,logistic_regression,0.2974277614830275,0.06001818917195899
C004139,2022-05-01,own,home_improvement,36,81376.1,0.2504,0.5508,0,11760.26,0.0511,12,0.14451737057932243,0,0.26413852723509906,0.21955872377625715,logistic_regression,0.26413852723509906,0.05303215183193324
C004142,2022-04-01,rent,home_improvement,41,39869.31,0.2283,0.2942,0,12649.95,0.0611,5,0.31728540072552047,0,0.38844590474942015,0.3338208835063717,logistic_regression,0.38844590474942015,0.0810106033563123
C004148,2022-04-01,rent,car,51,38895.21,0.1271,0.3753,0,24439.51,0.077,9,0.6283424102865108,0,0.4046360751056394,0.3614174591400224,logistic_regression,0.4046360751056394,0.08510629354771454
C004149,2022-04-01,rent,debt_consolidation,31,89127.96,0.6283,0.1662,0,27032.54,0.0969,0,0.3033003335877989,0,0.5356671612610061,0.4225962585839174,logistic_regression,0.5356671612610061,0.1240829606867318
C004153,2022-07-01,rent,debt_consolidation,27,88351.21,0.2754,0.2791,0,15729.9,0.054,3,0.17803830870001666,0,0.325550089135617,0.2395151497543495,logistic_regression,0.325550089135617,0.06617888064369466
C004154,2022-11-01,mortgage,car,52,55501.41,0.3933,0.1528,0,10205.26,0.035,3,0.1838738871679116,0,0.30114552044274495,0.23579097199488872,logistic_regression,0.30114552044274495,0.060818159844706544
C004184,2022-04-01,mortgage,debt_consolidation,31,28000.0,0.3552,0.4922,1,14314.22,0.0944,10,0.5112221428571428,0,0.4494246379196695,0.44839559760302117,logistic_regression,0.4494246379196695,0.0971511335500377
C004190,2022-07-01,rent,small_business,36,83195.81,0.5635,0.2363,1,13073.73,0.1126,11,0.15714409175173605,0,0.565534598527445,0.5213782453769947,logistic_regression,0.565534598527445,0.1348966454341046
C004199,2022-10-01,mortgage,car,31,35452.37,0.3209,0.0305,0,24957.99,0.0449,17,0.70398650358213,0,0.2120445727078804,0.35217651096556923,logistic_regression,0.2120445727078804,0.042640965904332806
C004206,2022-01-01,own,debt_consolidation,33,71990.18,0.1216,0.4815,0,30865.59,0.0419,6,0.4287472263578172,0,0.3472957115627636,0.3064216617322517,logistic_regression,0.3472957115627636,0.07112916431692766
C004207,2022-07-01,mortgage,home_improvement,29,47328.03,0.156,0.0615,0,44402.32,0.047,6,0.9381822991576028,0,0.2398113380985105,0.23086171840673061,logistic_regression,0.2398113380985105,0.048106920783894266
C004208,2022-09-01,mortgage,home_improvement,26,42950.22,0.4491,0.1976,1,19689.4,0.0905,2,0.45842372867938747,0,0.40195073516063584,0.5213195059580669,logistic_regression,0.40195073516063584,0.08441815992256287
C004216,2022-12-01,own,debt_consolidation,65,41000.07,0.1823,0.4684,0,10242.18,0.0542,3,0.24980884178978233,0,0.3554666433801798,0.3510144585007343,logistic_regression,0.3554666433801798,0.07303529454344619
C004223,2022-02-01,rent,car,37,92344.95,0.3526,0.2144,0,9968.37,0.0866,5,0.107947104849805,1,0.2645922174781857,0.24417807219396528,logistic_regression,0.2645922174781857,0.05312535858453847
C004232,2022-08-01,rent,debt_consolidation,34,60848.94,0.2267,0.5436,3,17170.49,0.1298,3,0.2821822368639454,0,0.6431971950420712,0.5896141481715333,logistic_regression,0.6431971950420712,0.16805069252392657
C004237,2022-09-01,own,debt_consolidation,23,32144.11,0.1332,0.475,0,27708.5,0.068,9,0.8620086230416708,0,0.33255341426490603,0.38779179952203385,logistic_regression,0.33255341426490603,0.06775438790204885
C004243,2022-02-01,rent,medical,54,132711.45,0.1907,0.5328,1,41124.17,0.0776,7,0.3098765780948064,0,0.4348971003279913,0.4837470938028629,logistic_regression,0.4348971003279913,0.09312094840325402
C004249,2022-07-01,rent,home_improvement,33,40973.2,0.241,0.4886,3,8470.98,0.1411,1,0.20674440854021653,1,0.6161841321516529,0.5814143405998671,logistic_regression,0.6161841321516529,0.15556231097866155
C004253,2022-11-01,mortgage,car,34,62891.06,0.3354,0.1679,0,5339.02,0.0533,5,0.08489314697510267,0,0.20483966048558228,0.16887129321723038,logistic_regression,0.20483966048558228,0.04124609745596055
C004266,2022-12-01,rent,medical,34,29556.49,0.4306,0.4211,0,24679.38,0.093,10,0.8349902170386267,0,0.5412704701020463,0.5323707148506639,logistic_regression,0.5412704701020463,0.12604409403103195
C004268,2022-08-01,rent,debt_consolidation,29,58808.29,0.1326,0.6649,0,21244.2,0.0954,6,0.36124498773897357,0,0.4810301821988489,0.5531501263838702,logistic_regression,0.4810301821988489,0.10637936646370856
C004273,2022-08-01,mortgage,home_improvement,21,28000.0,0.4177,0.1588,0,38317.14,0.0782,11,1.3684692857142857,0,0.3081925488852916,0.38466837144301186,logistic_regression,0.3081925488852916,0.062346258582288275
C004280,2022-03-01,rent,debt_consolidation,21,28000.0,0.3116,0.5239,3,38865.65,0.1097,10,1.3880589285714287,1,0.7565112017412537,0.5061111857329762,logistic_regression,0.7565112017412537,0.2374389670509325
C004282,2022-06-01,rent,debt_consolidation,36,54686.36,0.134,0.503,1,10364.46,0.0826,12,0.18952550508024302,1,0.39628364954023343,0.41391218617139364,logistic_regression,0.39628364954023343,0.08297757589836846
C004288,2022-01-01,rent,debt_consolidation,23,54901.46,0.2117,0.0596,0,21321.31,0.0544,6,0.3883559745041389,0,0.2841082330630715,0.268072766421845,logistic_regression,0.2841082330630715,0.05718589736404044
C004292,2022-08-01,rent,medical,49,92929.57,0.3508,0.1939,0,31650.15,0.0869,0,0.3405821204165692,0,0.3737810080624536,0.3410833264461511,logistic_regression,0.3737810080624536,0.0774061605827676
C004295,2022-08-01,mortgage,debt_consolidation,23,115452.32,0.1332,0.7229,1,44902.64,0.0556,5,0.38892800075390427,0,0.4889583594513419,0.4693688368910244,logistic_regression,0.4889583594513419,0.10880193554459432
C004296,2022-12-01,rent,home_improvement,54,81355.24,0.0676,0.222,0,36624.88,0.0804,11,0.4501846469877047,0,0.24921254651519836,0.2545594291888248,logistic_regression,0.24921254651519836,0.04999389990220288
C004309,2022-01-01,mortgage,debt_consolidation,37,85340.73,0.6094,0.6086,1,30934.07,0.0961,3,0.36247721340091654,1,0.6888268417588815,0.6731867698052498,logistic_regression,0.6888268417588815,0.1921263347684096
C004312,2022-04-01,mortgage,car,25,33243.09,0.521,0.6382,0,33680.25,0.0793,6,1.0131504020835609,0,0.681674832688636,0.5740268276804131,logistic_regression,0.681674832688636,0.18806804438289207
C004317,2022-11-01,rent,other,35,44555.85,0.2982,0.4094,0,46913.52,0.1148,0,1.0529149370958022,0,0.6056308600866115,0.6435137861479693,logistic_regression,0.6056308600866115,0.1509821666841008
C004319,2022-04-01,rent,debt_consolidation,34,42387.73,0.1863,0.6689,2,16948.14,0.1213,2,0.39983599027360034,1,0.6686395798475318,0.7018922389705226,logistic_regression,0.6686395798475318,0.18095908761091184
C004325,2022-11-01,rent,small_business,44,51574.14,0.6625,0.2555,0,24292.84,0.1448,7,0.47102753434182326,0,0.7043761094004238,0.6237864769062754,logistic_regression,0.7043761094004238,0.20136906821740566
C004327,2022-04-01,own,debt_consolidation,38,43251.35,0.1115,0.6129,0,36123.72,0.0809,7,0.8352044502657143,0,0.43021443911274126,0.5325760721393002,logistic_regression,0.43021443911274126,0.09184812557918753
C004330,2022-05-01,mortgage,debt_consolidation,50,34136.44,0.3122,0.5353,1,29572.05,0.1087,6,0.8662898064355861,1,0.5131088403046569,0.4895444048745437,logistic_regression,0.5131088403046569,0.11647611492122084
C004333,2022-04-01,mortgage,home_improvement,24,58376.25,0.2663,0.2275,0,17930.56,0.0554,4,0.30715505021305756,0,0.23711090287835734,0.26887175308557537,logistic_regression,0.23711090287835734,0.04756849626264014
C004334,2022-06-01,mortgage,car,55,101072.01,0.2842,0.4757,1,18515.26,0.0761,6,0.18318879776903615,0,0.3121454282653605,0.2539059313454647,logistic_regression,0.3121454282653605,0.06321031555194132
C004335,2022-08-01,rent,debt_consolidation,51,103718.56,0.1468,0.0578,0,14663.44,0.0531,4,0.14137720384856867,0,0.14662976710734837,0.14001029325882036,logistic_regression,0.14662976710734837,0.03023682415366353
C004356,2022-02-01,own,debt_consolidation,50,34997.06,0.5602,0.0389,0,9000.49,0.0813,3,0.25717846013350837,0,0.3447287480415719,0.3831171300471638,logistic_regression,0.3447287480415719,0.07053568714346796
C004357,2022-10-01,own,debt_consolidation,37,42459.03,0.5763,0.2462,0,17760.56,0.0803,3,0.41829876942549093,0,0.48065051860112595,0.4308837167777013,logistic_regression,0.48065051860112595,0.10626449261769577
C004360,2022-11-01,mortgage,debt_consolidation,33,57193.84,0.4058,0.1203,0,32387.88,0.0611,8,0.5662826626084209,0,0.32332520993255975,0.29587903305399166,logistic_regression,0.32332520993255975,0.06568195173762144
C004364,2022-11-01,mortgage,debt_consolidation,34,57041.66,0.2773,0.5362,1,30278.77,0.0567,3,0.5308185280722896,0,0.5545297851342008,0.43584625521744663,logistic_regression,0.5545297851342008,0.130806692804362
C004366,2022-03-01,other,home_improvement,33,47837.47,0.1709,0.5628,1,4702.17,0.0845,11,0.09829470496662972,0,0.2601139542439088,0.3523664112528592,logistic_regression,0.2601139542439088,0.05220759692395414
C004369,2022-08-01,rent,debt_consolidation,41,62152.18,0.2171,0.6796,2,25772.06,0.1048,8,0.4146605959758773,1,0.6825603694830692,0.6232894337318664,logistic_regression,0.6825603694830692,0.18856426575210858
C004374,2022-02-01,mortgage,small_business,31,69023.65,0.159,0.3925,1,7399.7,0.0388,5,0.10720528398599612,0,0.3690187712553022,0.21480910107356033,logistic_regression,0.3690187712553022,0.07625607489741164
C004380,2022-08-01,rent,debt_consolidation,51,32965.26,0.3161,0.5009,0,22705.33,0.1006,7,0.6887653851357459,0,0.5588629270481903,0.4650250380511042,logistic_regression,0.5588629270481903,0.13240179749293296
C004381,2022-09-01,own,other,21,100078.56,0.02,0.5907,0,16351.42,0.0427,11,0.16338584408089005,0,0.15847406838914344,0.2461463521726052,logistic_regression,0.15847406838914344,0.032447945760449126
C004392,2022-01-01,rent,debt_consolidation,32,62098.49,0.5851,0.7542,2,17955.58,0.165,8,0.28914680534099946,0,0.799800027553718,0.7955114353208826,logistic_regression,0.799800027553718,0.27549250342440035
C004404,2022-09-01,rent,debt_consolidation,52,40872.88,0.0968,0.3342,0,39042.73,0.0814,8,0.9552233657134023,0,0.4147513539072462,0.39652839908939924,logistic_regression,0.4147513539072462,0.0877311351152937
C004406,2022-06-01,own,debt_consolidation,59,41949.18,0.0654,0.5565,0,41014.75,0.0624,12,0.9777247135700865,0,0.3932330587808281,0.38649674065195083,logistic_regression,0.3932330587808281,0.08220853706061965
C004422,2022-12-01,rent,small_business,40,49926.95,0.3509,0.2703,0,16907.08,0.0988,10,0.3386363477039956,0,0.5179408728909713,0.4308361126290579,logistic_regression,0.5179408728909713,0.11806813292982103
C004426,2022-05-01,mortgage,home_improvement,51,48077.98,0.0429,0.2143,0,27668.68,0.0682,0,0.5754958922983037,0,0.19897461558926316,0.29191833334610534,logistic_regression,0.19897461558926316,0.04011696610184793
C004430,2022-08-01,rent,debt_consolidation,46,113957.8,0.2908,0.4229,0,12748.48,0.0399,13,0.11187018352407645,0,0.27408584534983405,0.2501530380473889,logistic_regression,0.27408584534983405,0.055087901783916246
C004431,2022-08-01,own,debt_consolidation,28,28491.28,0.1426,0.2624,1,21253.86,0.0914,10,0.7459777166908612,0,0.25515169563784557,0.45723964055807953,logistic_regression,0.25515169563784557,0.051196415637743305
C004433,2022-06-01,rent,car,38,49281.19,0.3666,0.4817,1,30640.64,0.1129,4,0.6217512198873444,1,0.6857973936234861,0.6541890482248119,logistic_regression,0.6857973936234861,0.19039312431518687
C004436,2022-08-01,rent,other,35,28000.0,0.3556,0.2091,1,20141.22,0.1029,6,0.7193292857142858,0,0.4634078710330105,0.528856328938596,logistic_regression,0.4634078710330105,0.10115269056257556
C004438,2022-09-01,mortgage,other,34,150149.87,0.6918,0.4199,1,14530.54,0.0913,3,0.0967735769601399,0,0.30713284868133894,0.33757791697927886,logistic_regression,0.30713284868133894,0.06211547114003464
C004450,2022-06-01,rent,car,29,50631.64,0.3846,0.2207,0,29360.42,0.0728,2,0.5798828558585106,0,0.5456799602811911,0.4899558158936176,logistic_regression,0.5456799602811911,0.12760858320256513
C004451,2022-04-01,rent,car,39,45439.75,0.6019,0.495,0,22025.87,0.1158,7,0.4847269186120082,0,0.7084066728077708,0.7055505603531672,logistic_regression,0.7084066728077708,0.20386489947487932
C004468,2022-09-01,own,other,62,48705.19,0.33,0.4241,0,17282.28,0.0713,2,0.3548344642531935,0,0.4023548878454854,0.3665504087409039,logistic_regression,0.4023548878454854,0.08452149755941349
C004469,2022-06-01,rent,debt_consolidation,21,63552.28,0.2018,0.7381,3,12486.04,0.1526,3,0.1964687970282105,0,0.6575916030210799,0.6622030155554846,logistic_regression,0.6575916030210799,0.17520496519914636
C004472,2022-05-01,rent,home_improvement,33,54803.61,0.0978,0.0683,0,20246.16,0.0438,4,0.3694311378392774,0,0.238324558280697,0.2819109699242566,logistic_regression,0.238324558280697,0.04781028627653941
C004475,2022-04-01,rent,car,53,58462.39,0.3655,0.4595,1,16958.83,0.1186,0,0.29008102474086334,0,0.6092020803374255,0.57854691631602,logistic_regression,0.6092020803374255,0.152514544890973
C004477,2022-09-01,mortgage,car,36,64245.35,0.607,0.1655,0,14814.3,0.0926,2,0.23058945122098332,0,0.3686420548595707,0.35921998773974967,logistic_regression,0.3686420548595707,0.07616551181715742
C004479,2022-05-01,mortgage,other,38,52849.61,0.2627,0.2028,0,17176.94,0.0454,7,0.32501545422946354,0,0.22431156895000878,0.24469577550871496,logistic_regression,0.22431156895000878,0.045037146709155214
C004483,2022-03-01,own,other,30,47095.05,0.5245,0.5049,1,15836.46,0.0923,6,0.3362659132966203,0,0.5747865729862258,0.5468868197121903,logistic_regression,0.5747865729862258,0.13843731709920803
C004503,2022-12-01,mortgage,car,53,42543.19,0.4114,0.2276,0,15076.04,0.0508,7,0.35437022940686863,0,0.35901242201154565,0.3779125754939564,logistic_regression,0.35901242201154565,0.07387070206467791
C004510,2022-10-01,own,other,38,29158.29,0.5553,0.5032,0,10505.64,0.0832,5,0.3602968486835133,0,0.555333400306537,0.46775116062067457,logistic_regression,0.555333400306537,0.13110104217698187
C004514,2022-07-01,mortgage,debt_consolidation,36,61091.09,0.2348,0.4312,0,47536.54,0.0607,8,0.7781255826340634,0,0.45576057663316416,0.3128786613970493,logistic_regression,0.45576057663316416,0.09894892046093616
C004515,2022-07-01,own,debt_consolidation,21,43548.2,0.4843,0.2098,1,10875.28,0.0995,10,0.24972972476474348,0,0.3618359729348491,0.47436463532942114,logistic_regression,0.3618359729348491,0.07453959640185037
C004521,2022-12-01,own,debt_consolidation,54,76295.82,0.1923,0.6348,0,20508.67,0.0527,5,0.26880463438232916,0,0.39446906874732185,0.3806676856125968,logistic_regression,0.39446906874732185,0.08251959314004934
C004524,2022-12-01,mortgage,home_improvement,50,61183.67,0.427,0.4916,0,7906.08,0.066,5,0.12921879318452129,0,0.38075163846123483,0.3060492569115524,logistic_regression,0.38075163846123483,0.07910740747156968
C004525,2022-01-01,other,car,40,63222.57,0.3903,0.5419,1,34938.06,0.1225,13,0.5526200532499707,0,0.4800446929050216,0.6119967426916575,logistic_regression,0.4800446929050216,0.1060814018032324
C004539,2022-03-01,rent,debt_consolidation,26,47581.76,0.2647,0.6148,2,11150.95,0.1308,8,0.23435345813185557,0,0.5991832470855137,0.6418958995741575,logistic_regression,0.5991832470855137,0.14825951439563786
C004540,2022-05-01,rent,debt_consolidation,42,50646.55,0.2351,0.4423,0,19207.85,0.0804,5,0.3792528809958427,0,0.4694064556234477,0.42388573932742113,logistic_regression,0.4694064556234477,0.10290810879639781
C004543,2022-08-01,own,debt_consolidation,31,34604.95,0.3595,0.5079,0,6932.23,0.0697,13,0.2003248090229866,0,0.3914425749540377,0.3846431941355008,logistic_regression,0.3914425749540377,0.08175922663788558
C004548,2022-03-01,mortgage,small_business,38,47197.56,0.4395,0.7051,2,18345.28,0.1664,10,0.3886912798034475,1,0.7115241242052344,0.7521453330349963,logistic_regression,0.7115241242052344,0.20582514507407815
C004550,2022-05-01,mortgage,debt_consolidation,50,64679.3,0.5083,0.3887,1,16099.16,0.0759,4,0.2489074557083951,1,0.49897436402070267,0.48780055019901186,logistic_regression,0.49897436402070267,0.11192925149966938
C004558,2022-04-01,mortgage,other,36,30500.88,0.2225,0.2407,0,29787.96,0.0941,3,0.9766262481607088,0,0.2496578616135747,0.36529525417509745,logistic_regression,0.2496578616135747,0.050083778158779
C004565,2022-06-01,mortgage,debt_consolidation,22,57688.43,0.1144,0.4755,0,14513.78,0.0696,4,0.2515890968084935,0,0.24318526838881802,0.24394800134470043,logistic_regression,0.24318526838881802,0.04878185596550673
C004574,2022-06-01,rent,debt_consolidation,39,34371.44,0.1344,0.43,0,16951.85,0.0638,1,0.4931958044236726,0,0.46110795151338485,0.3941659888964948,logistic_regression,0.46110795151338485,0.1004859383991493
C004582,2022-11-01,own,car,40,202886.67,0.1743,0.8146,1,24304.88,0.0592,2,0.11979535175967942,0,0.21463881834101767,0.3643575391363295,logistic_regression,0.21463881834101767,0.04314541527604441
C004597,2022-06-01,own,debt_consolidation,21,65688.67,0.5201,0.4911,1,14097.68,0.0881,6,0.21461357034630174,1,0.5303348684850081,0.38117023093313246,logistic_regression,0.5303348684850081,0.12224393534213641
C004599,2022-10-01,mortgage,home_improvement,33,35364.94,0.3579,0.0882,0,17177.47,0.0475,11,0.48572032074704496,0,0.23514481158281464,0.3192201332501435,logistic_regression,0.23514481158281464,0.04717746712004463
C004601,2022-12-01,mortgage,home_improvement,44,52518.71,0.5094,0.5566,1,15910.31,0.1085,9,0.30294555978240895,0,0.5297622758031607,0.5726582574065283,logistic_regression,0.5297622758031607,0.12204800636370337
C004602,2022-09-01,rent,home_improvement,46,71174.47,0.4218,0.461,0,50341.57,0.1397,6,0.707298136536879,0,0.6519849356060858,0.6039011450658487,logistic_regression,0.6519849356060858,0.17237388794528336
C004609,2022-05-01,rent,debt_consolidation,48,28000.0,0.0686,0.5968,0,14645.89,0.0996,0,0.5230675,0,0.4680102584705873,0.4838578322592047,logistic_regression,0.4680102584705873,0.10249738549987049
C004620,2022-06-01,mortgage,small_business,43,94462.44,0.4357,0.1366,0,21340.54,0.0806,5,0.2259156125969221,0,0.3126225540628634,0.2752481909167214,logistic_regression,0.3126225540628634,0.06331495208433288
C004622,2022-12-01,mortgage,car,21,44362.75,0.4166,0.2163,0,17056.16,0.0449,5,0.3844703044784194,1,0.3687884032228502,0.4058495393006476,logistic_regression,0.3687884032228502,0.0762006869805624
C004623,2022-02-01,rent,debt_consolidation,37,44035.27,0.0589,0.4505,0,12814.89,0.0918,3,0.291014225642309,0,0.34065403556061397,0.3900491487706084,logistic_regression,0.34065403556061397,0.06959875352240068
C004637,2022-02-01,own,home_improvement,37,47207.91,0.2609,0.1051,1,28215.37,0.0691,8,0.5976831001414805,0,0.2938119704822394,0.41833559511000096,logistic_regression,0.2938119704822394,0.05924416827683594
C004640,2022-08-01,mortgage,debt_consolidation,37,51282.32,0.2885,0.3777,1,7668.15,0.0992,6,0.14952814147253868,0,0.2992214564388724,0.2955006169170623,logistic_regression,0.2992214564388724,0.060403621838885854
C004641,2022-03-01,mortgage,small_business,30,79125.9,0.0766,0.6036,1,27641.41,0.0613,10,0.3493345415344407,0,0.46458364882730907,0.44893669837932426,logistic_regression,0.46458364882730907,0.10149488868699312
C004643,2022-10-01,rent,debt_consolidation,47,32197.48,0.4674,0.1743,0,11807.61,0.0674,4,0.3667246629239307,1,0.5076717706786092,0.3192509253441237,logistic_regression,0.5076717706786092,0.11470800203952097
C004652,2022-12-01,rent,debt_consolidation,38,59278.76,0.1475,0.7614,1,31869.89,0.0788,12,0.537627473988997,0,0.6585773388378333,0.6405780042407258,logistic_regression,0.6585773388378333,0.1757087718569039
C004661,2022-02-01,rent,home_improvement,43,33386.31,0.2381,0.3764,0,16312.1,0.0941,3,0.48858648949225003,0,0.43518256531501254,0.37393260970959413,logistic_regression,0.43518256531501254,0.09319894686176952
C004666,2022-02-01,mortgage,debt_consolidation,49,33534.09,0.3603,0.4999,0,40227.62,0.1015,1,1.199603746515859,1,0.53413469558946,0.46501994014753867,logistic_regression,0.53413469558946,0.12355174857826955
C004674,2022-05-01,rent,home_improvement,22,64834.94,0.0921,0.2479,0,11644.17,0.0563,10,0.17959714314534725,0,0.20448337442054373,0.1864021227694648,logistic_regression,0.20448337442054373,0.04117734721450396
C004675,2022-02-01,rent,debt_consolidation,45,68276.88,0.4257,0.1946,0,12420.6,0.0928,9,0.18191516659812224,0,0.33750954899772034,0.25019089849316195,logistic_regression,0.33750954899772034,0.06887995465476696
C004687,2022-09-01,mortgage,debt_consolidation,36,62561.5,0.1811,0.2892,0,19175.85,0.0711,10,0.3065119921996755,0,0.1908088506933828,0.19906460399980225,logistic_regression,0.1908088506933828,0.03855374247048845
C004693,2022-12-01,mortgage,debt_consolidation,72,51773.74,0.285,0.3966,0,56301.24,0.0396,9,1.0874478065521247,0,0.5640985192440973,0.3820181834382393,logistic_regression,0.5640985192440973,0.1343555776893234
C004694,2022-04-01,mortgage,car,43,28000.0,0.5191,0.2586,0,18839.15,0.058,2,0.6728267857142858,0,0.493193521496945,0.45326325311931465,logistic_regression,0.493193521496945,0.11011501200088473
C004696,2022-03-01,rent,car,47,60119.09,0.5198,0.3919,0,31088.14,0.1099,10,0.517109290909094,0,0.6233628848716035,0.603723050483491,logistic_regression,0.6233628848716035,0.15876999634370517
C004701,2022-06-01,rent,debt_consolidation,56,55502.59,0.1563,0.4751,1,15466.9,0.1076,8,0.27866987828856277,0,0.42591168593222084,0.39428920078229,logistic_regression,0.42591168593222084,0.0906894389250277
C004704,2022-04-01,other,debt_consolidation,43,47439.64,0.4471,0.4055,3,57421.9,0.157,6,1.2104202308449221,0,0.7096818384789627,0.7021250766905639,logistic_regression,0.7096818384789627,0.20466353329609344
C004713,2022-06-01,mortgage,home_improvement,40,34276.3,0.1939,0.2042,1,13110.1,0.035,9,0.38248294010730444,0,0.2692324974766882,0.26737658732528313,logistic_regression,0.2692324974766882,0.054081679450961845
C004717,2022-06-01,mortgage,debt_consolidation,33,43798.64,0.1975,0.2304,0,26663.23,0.0807,8,0.6087684457782251,0,0.23109583263392097,0.33211659264486615,logistic_regression,0.23109583263392097,0.04637472582113266
C004718,2022-12-01,mortgage,home_improvement,42,44961.47,0.2521,0.1082,0,4422.31,0.0838,12,0.09835777166538372,0,0.12552962685401095,0.18548482481816378,logistic_regression,0.12552962685401095,0.02631593898806405
C004722,2022-02-01,mortgage,debt_consolidation,40,63315.82,0.2487,0.5539,1,23745.88,0.0503,7,0.37503865542608467,0,0.47509943676015504,0.4493922450548102,logistic_regression,0.47509943676015504,0.10459653226388094
C004723,2022-09-01,rent,home_improvement,23,39993.95,0.3782,0.2518,0,23899.98,0.0676,8,0.5975898854701774,0,0.47818138064605287,0.4731557845298451,logistic_regression,0.47818138064605287,0.10551990593725746
C004728,2022-06-01,own,debt_consolidation,33,37128.76,0.0528,0.3146,0,12398.25,0.0536,7,0.33392577613688146,0,0.20463179774553927,0.2259955159826705,logistic_regression,0.20463179774553927,0.041205984977050664
C004731,2022-08-01,mortgage,other,43,44562.0,0.4364,0.5048,2,18289.15,0.1093,7,0.41042031327139716,0,0.558858312040993,0.59862114173047,logistic_regression,0.558858312040993,0.1324000881732269
C004735,2022-02-01,mortgage,car,36,28000.0,0.5411,0.5314,2,10187.59,0.1476,3,0.3638425,0,0.6482004556949927,0.6821690989876008,logistic_regression,0.6482004556949927,0.17049533750635573
C004749,2022-04-01,rent,debt_consolidation,30,156167.78,0.4471,0.5553,0,22699.0,0.1071,6,0.14535008437719996,1,0.32433430954359166,0.4206232202706739,logistic_regression,0.32433430954359166,0.06590712324820681
C004753,2022-01-01,own,debt_consolidation,27,59184.12,0.0426,0.5574,0,14934.24,0.0514,9,0.2523352547946983,0,0.25258013989332506,0.25389918500214065,logistic_regression,0.25258013989332506,0.0506747275428027
C004754,2022-05-01,mortgage,medical,47,28904.27,0.3798,0.188,0,10125.97,0.0703,10,0.35032782353610725,0,0.24389936896732914,0.32372734278033233,logistic_regression,0.24389936896732914,0.04892502957632852
C004761,2022-11-01,rent,debt_consolidation,52,51082.78,0.3036,0.7321,2,28660.96,0.1554,7,0.5610689159830378,0,0.7412728669009018,0.71911861306369,logistic_regression,0.7412728669009018,0.22597129879012876
C004762,2022-03-01,mortgage,other,46,52727.71,0.199,0.2271,1,14366.71,0.0558,11,0.27246982658643815,1,0.21856864052157673,0.2269270035452382,logistic_regression,0.21856864052157673,0.04391187882589093
C004774,2022-12-01,mortgage,debt_consolidation,28,35319.7,0.1895,0.2762,0,14440.28,0.0704,7,0.40884492223886393,0,0.22611042112002,0.22285609385133623,logistic_regression,0.22611042112002,0.045390917133107944
C004781,2022-03-01,rent,home_improvement,24,53491.0,0.4631,0.4475,1,19043.72,0.0928,11,0.35601727393393284,0,0.6096046437348147,0.5830495155446699,logistic_regression,0.6096046437348147,0.15268839199149808
C004785,2022-03-01,rent,medical,34,47353.43,0.1734,0.5845,1,19585.93,0.0923,6,0.4136116433381911,0,0.5246435004926572,0.5515975711673705,logistic_regression,0.5246435004926572,0.12030957318306829
C004792,2022-12-01,rent,debt_consolidation,38,60808.08,0.1945,0.3686,0,12625.88,0.0723,6,0.2076349064137529,0,0.3444325832603738,0.24131899185531427,logistic_regression,0.3444325832603738,0.0704673761530704
C004793,2022-11-01,rent,small_business,58,59382.53,0.3219,0.3609,3,12442.27,0.1279,0,0.20952744856104988,0,0.7347609683025712,0.5251663744526406,logistic_regression,0.7347609683025712,0.2213227719567329
C004808,2022-06-01,rent,other,37,66718.11,0.0703,0.4056,0,24288.79,0.0711,9,0.3640509300997885,0,0.30016746336035566,0.32934681021336565,logistic_regression,0.30016746336035566,0.06060729642866833
C004810,2022-01-01,rent,home_improvement,35,55152.14,0.1537,0.1496,0,21792.97,0.0753,11,0.3951427814043118,0,0.23954617637241157,0.23959896501261035,logistic_regression,0.23954617637241157,0.048053982111163296
C004817,2022-05-01,rent,debt_consolidation,50,57573.98,0.2862,0.4682,0,36097.01,0.0872,2,0.626967425215349,0,0.6138626874021001,0.4292340107361339,logistic_regression,0.6138626874021001,0.1545412328008292
C004820,2022-08-01,other,home_improvement,43,66224.98,0.4402,0.2749,0,33100.56,0.0901,8,0.4998198564952379,0,0.33256439807191135,0.42295121527049234,logistic_regression,0.33256439807191135,0.0677568725601174
C004823,2022-07-01,rent,debt_consolidation,58,89893.24,0.1022,0.5206,0,9648.5,0.069,1,0.10733287619847721,0,0.3032544169867128,0.2932800592199245,logistic_regression,0.3032544169867128,0.06127383034316707
C004824,2022-11-01,mortgage,other,43,59548.97,0.1851,0.1279,0,15333.87,0.0632,0,0.25750017170741996,0,0.16556486956475752,0.26370112585690886,logistic_regression,0.16556486956475752,0.033777128805620144
C004829,2022-08-01,own,home_improvement,27,38327.21,0.5537,0.0863,0,9655.23,0.0824,0,0.25191580602918917,0,0.354592747494144,0.4162733899326124,logistic_regression,0.354592747494144,0.07283017405504716
C004835,2022-11-01,rent,debt_consolidation,28,51557.27,0.1443,0.3328,1,60430.27,0.0926,0,1.1720998803854432,1,0.6582947892191188,0.4696634809640991,logistic_regression,0.6582947892191188,0.17556417372434496
C004839,2022-04-01,rent,other,21,28000.0,0.2038,0.5476,1,35478.8,0.1202,6,1.2671000000000001,0,0.5562388551464585,0.605666091880658,logistic_regression,0.5562388551464585,0.13143349470224103
C004840,2022-08-01,rent,home_improvement,44,67488.03,0.2506,0.5868,1,15517.26,0.0911,0,0.22992610689628962,0,0.5698486497751942,0.4093984947222004,logistic_regression,0.5698486497751942,0.13653567047161036
C004847,2022-03-01,rent,debt_consolidation,36,97675.15,0.1049,0.3942,2,46578.06,0.0773,10,0.47686704345987696,1,0.5322101448441252,0.4852766688290063,logistic_regression,0.5322101448441252,0.1228877060016083
C004850,2022-07-01,rent,debt_consolidation,41,28000.0,0.7034,0.7196,0,10128.61,0.0988,10,0.36173607142857145,1,0.8173105357931986,0.6216320269763314,logistic_regression,0.8173105357931986,0.2938084880262135
C004851,2022-08-01,own,medical,36,41263.2,0.2154,0.1958,0,19989.59,0.0795,14,0.484441100060102,0,0.1765326101942805,0.3615160512752031,logistic_regression,0.1765326101942805,0.035843020442035196
C004857,2022-03-01,own,other,32,46923.13,0.1212,0.1619,0,15385.41,0.0652,6,0.3278854159984639,0,0.1587347515966163,0.22837338814463423,logistic_regression,0.1587347515966163,0.03249673169545078
C004862,2022-02-01,rent,debt_consolidation,21,61888.74,0.3187,0.5768,0,22072.42,0.1004,0,0.35664678259728666,1,0.5845530635884566,0.5068586207884866,logistic_regression,0.5845530635884566,0.14228180426570855
C004863,2022-06-01,mortgage,home_improvement,30,47707.36,0.02,0.462,0,16123.03,0.0371,7,0.337956868709566,0,0.2262733556265747,0.1992881946027784,logistic_regression,0.2262733556265747,0.04542299189993696
C004865,2022-05-01,rent,debt_consolidation,29,98722.61,0.3193,0.3081,1,25578.3,0.0515,4,0.2590926232602643,0,0.47096165820362845,0.3851088415893829,logistic_regression,0.47096165820362845,0.10336715544517217
C004869,2022-08-01,rent,debt_consolidation,33,39329.28,0.6115,0.228,0,7126.61,0.0942,4,0.18120367319208489,0,0.5563575605247394,0.4284231916751535,logistic_regression,0.5563575605247394,0.131477142464487
C004872,2022-10-01,mortgage,debt_consolidation,36,52384.36,0.1804,0.4607,0,11482.42,0.0803,7,0.21919557669502882,0,0.2471994517640265,0.16824231612383966,logistic_regression,0.2471994517640265,0.04958816439553492
C004882,2022-12-01,own,medical,33,135638.67,0.0907,0.3244,1,15893.18,0.0531,4,0.11717292716007904,0,0.10445302051914078,0.19487446987639956,logistic_regression,0.10445302051914078,0.022401905157159483
C004891,2022-03-01,rent,debt_consolidation,57,63658.38,0.2652,0.5669,0,39324.32,0.1066,7,0.6177398796513515,0,0.6062601776725438,0.4656105075503729,logistic_regression,0.6062601776725438,0.15125092393058145
C004897,2022-04-01,rent,small_business,36,81476.69,0.3987,0.2378,0,12287.24,0.1051,9,0.1508068135806695,0,0.4079313185565191,0.27339010010088555,logistic_regression,0.4079313185565191,0.0859556505051987
C004911,2022-09-01,mortgage,other,40,61072.48,0.3689,0.2934,0,15838.69,0.0608,2,0.25934250582258983,0,0.3047850419973501,0.36084359374061065,logistic_regression,0.3047850419973501,0.06160541977966763
C004919,2022-03-01,rent,home_improvement,38,60929.58,0.2129,0.1944,0,20089.8,0.0571,12,0.32972162289646506,0,0.2834779760801811,0.28248072362457644,logistic_regression,0.2834779760801811,0.05705314612248059
C004921,2022-11-01,rent,medical,33,31917.84,0.2508,0.7631,1,5567.53,0.1171,8,0.17443316966311004,1,0.5964143543122247,0.6583691038901175,logistic_regression,0.5964143543122247,0.14710722954361521
C004922,2022-05-01,own,home_improvement,43,49409.7,0.5885,0.2641,0,10649.65,0.0949,0,0.21553763734651293,0,0.43555653456704774,0.39684995702062265,logistic_regression,0.43555653456704774,0.09330119851643992
C004933,2022-06-01,rent,debt_consolidation,23,83443.03,0.1899,0.7206,0,79886.23,0.1345,3,0.9573745104893722,0,0.8031968691753518,0.7002816979710195,logistic_regression,0.8031968691753518,0.27889296308062594
C004934,2022-02-01,own,other,35,51317.61,0.2129,0.3791,1,22276.59,0.0574,5,0.43409250742581346,0,0.38241037173467896,0.3856213194652953,logistic_regression,0.38241037173467896,0.07951542158622259
C004937,2022-10-01,rent,debt_consolidation,39,61419.22,0.0541,0.0434,0,41267.0,0.0663,7,0.6718906557263346,0,0.2662446085118655,0.26543650906204136,logistic_regression,0.2662446085118655,0.05346526947976109
C004943,2022-03-01,rent,debt_consolidation,23,127700.4,0.1305,0.4267,0,10171.2,0.0996,0,0.07964892827273838,0,0.1598943984780374,0.31759256784874,logistic_regression,0.1598943984780374,0.03271382605726801
C004944,2022-04-01,mortgage,debt_consolidation,37,41461.39,0.397,0.5094,0,17096.58,0.0815,6,0.41234941713242135,0,0.45343681830729327,0.44077836154621974,logistic_regression,0.45343681830729327,0.09828665776669204
C004959,2022-08-01,mortgage,debt_consolidation,69,59891.48,0.2229,0.3385,0,19219.96,0.0887,3,0.3209130914781201,0,0.26084854302510047,0.3222675415637426,logistic_regression,0.26084854302510047,0.052357798842039914
C004960,2022-09-01,rent,debt_consolidation,35,54501.21,0.2843,0.1239,1,23843.55,0.087,10,0.43748661726959825,0,0.37933474850241655,0.37936017341940065,logistic_regression,0.37933474850241655,0.07875985963304681
C004963,2022-12-01,rent,debt_consolidation,21,41716.46,0.1972,0.5769,1,21820.24,0.1097,10,0.5230606815631049,1,0.5392488925656401,0.5363371002890117,logistic_regression,0.5392488925656401,0.12533311466761846
C004965,2022-09-01,other,car,47,97029.72,0.561,0.4835,0,15560.4,0.0725,4,0.160367359608994,0,0.39155283731706103,0.29250138224923644,logistic_regression,0.39155283731706103,0.08178685251897985
C004970,2022-01-01,rent,medical,23,28000.0,0.2315,0.9714,1,36793.85,0.1723,0,1.3140660714285715,0,0.7449158551831871,0.6971445070426988,logistic_regression,0.7449158551831871,0.22863556085488257
C004971,2022-04-01,rent,home_improvement,35,48775.81,0.4648,0.3907,0,20516.15,0.1081,9,0.420621410490159,0,0.5256791272785891,0.5545147716519377,logistic_regression,0.5256791272785891,0.12065940482595479
C004973,2022-03-01,rent,home_improvement,35,55973.19,0.3191,0.4275,1,6797.29,0.0844,4,0.12143831716577168,0,0.4900321493471316,0.39567104581583923,logistic_regression,0.4900321493471316,0.10913358742424659
C004975,2022-01-01,rent,home_improvement,40,28000.0,0.3768,0.2356,0,8967.99,0.0903,8,0.3202853571428571,0,0.40545621256128733,0.397760902786598,logistic_regression,0.40545621256128733,0.08531717523542923
C004976,2022-01-01,mortgage,debt_consolidation,36,69366.3,0.0633,0.1466,0,18493.55,0.0536,5,0.26660712766862293,0,0.12640380091102774,0.18073957161770396,logistic_regression,0.12640380091102774,0.02647814673994769
C004979,2022-08-01,rent,other,40,61760.71,0.2536,0.1917,0,46542.21,0.1019,5,0.7535892964961057,0,0.43409994384623746,0.4427012311306323,logistic_regression,0.43409994384623746,0.09290338653251395
C004981,2022-07-01,rent,debt_consolidation,43,35356.25,0.1402,0.4456,1,33402.13,0.1126,2,0.9447305639031288,0,0.5431949030014065,0.5849819038715357,logistic_regression,0.5431949030014065,0.1267245588491926
C004982,2022-10-01,rent,debt_consolidation,34,66127.12,0.4402,0.1205,0,28461.85,0.0807,1,0.43041115354789383,0,0.47491009095602366,0.394387788031462,logistic_regression,0.47491009095602366,0.10454001841572196
C004987,2022-10-01,rent,other,54,83664.99,0.4935,0.2055,0,11995.65,0.0899,3,0.1433771760446036,0,0.35714603291014335,0.25131261497652124,logistic_regression,0.35714603291014335,0.07343033791281509
C004988,2022-08-01,rent,car,46,32799.11,0.1985,0.0891,0,44301.25,0.0767,3,1.3506845155249638,0,0.40965719048578086,0.3641128553140751,logistic_regression,0.40965719048578086,0.08640269239883495
C004989,2022-08-01,mortgage,medical,27,73891.36,0.4146,0.0875,0,11381.81,0.0421,8,0.15403438236892647,0,0.17452670101788795,0.13513295258678207,logistic_regression,0.17452670101788795,0.035464192199399634
C004990,2022-06-01,other,other,21,41977.69,0.1899,0.535,0,19301.95,0.099,0,0.4598144871716381,1,0.3021879157282254,0.4534062101396676,logistic_regression,0.3021879157282254,0.061043218647767926
C004993,2022-12-01,mortgage,debt_consolidation,30,44127.67,0.3572,0.7186,0,56658.13,0.1226,10,1.283959248244922,0,0.6442650913223072,0.6733277568599532,logistic_regression,0.6442650913223072,0.16856882122961958
C004998,2022-02-01,mortgage,car,26,77535.01,0.4425,0.1427,0,16224.56,0.0686,5,0.2092546321977646,0,0.24507385541812798,0.18639023826838286,logistic_regression,0.24507385541812798,0.04916075570937495
